user_interest,skill_level,content_difficulty,content_topic_match,previous_completion_rate,previous_skip_rate,difficulty_gap,progress_value,completed
0.675,1,1,0.736,0.742,0.171,0,15,1
0.48,1,3,0.027,0.094,0.163,2,6,0
0.731,2,1,0.759,0.22,0.412,1,5,0
0.406,1,1,0.093,0.215,0.534,0,4,0
0.41,2,3,0.125,0.807,0.511,1,9,1
0.364,3,3,0.192,0.619,0.603,0,4,1
0.305,2,1,0.38,0.985,0.599,1,10,0
0.428,2,3,0.937,0.355,0.469,1,4,0
0.254,3,2,0.99,0.245,0.324,1,15,1
0.392,1,2,0.401,0.229,0.022,1,4,0
0.949,3,2,0.885,0.315,0.459,1,10,1
0.226,3,3,0.428,0.561,0.184,0,9,1
0.998,1,1,0.861,0.51,0.064,0,5,1
0.813,2,3,0.996,0.596,0.269,1,15,1
0.598,1,3,0.751,0.68,0.08,2,8,1
0.491,2,3,0.263,0.003,0.505,1,15,0
0.557,1,3,0.508,0.871,0.209,2,6,1
0.786,3,1,0.599,0.953,0.646,2,10,1
0.936,2,3,0.947,0.239,0.169,1,4,0
0.834,3,2,0.947,0.766,0.09,1,5,1
0.885,2,3,0.69,0.964,0.65,1,7,1
0.705,2,1,0.248,0.438,0.362,1,4,0
0.629,1,3,0.631,0.588,0.005,2,6,1
0.128,2,3,0.485,0.071,0.167,1,15,1
0.942,3,2,0.807,0.576,0.17,1,6,1
0.693,2,3,0.054,0.424,0.327,1,4,1
0.755,1,2,0.14,0.249,0.133,1,5,0
0.325,1,3,0.098,0.443,0.603,2,15,0
0.972,1,1,0.865,0.166,0.34,0,3,1
0.102,2,2,0.285,0.265,0.549,0,15,0
0.538,1,3,0.736,0.297,0.678,2,3,0
0.151,3,3,0.157,0.477,0.644,0,15,1
0.267,3,2,0.12,0.068,0.603,1,6,0
0.136,1,3,0.316,0.419,0.409,2,7,0
0.745,1,3,0.3,0.266,0.092,2,8,0
0.942,1,1,0.073,0.458,0.699,0,6,0
0.219,2,2,0.285,0.881,0.615,0,10,0
0.733,3,3,0.008,0.984,0.565,0,15,1
0.697,1,3,0.553,0.264,0.623,2,7,0
0.29,2,2,0.505,0.204,0.444,0,7,0
0.861,1,1,0.004,0.634,0.581,0,5,0
0.336,3,3,0.01,0.442,0.494,0,4,0
0.722,1,3,0.553,0.546,0.584,2,9,1
0.377,1,1,0.667,0.899,0.147,0,8,0
0.896,2,1,0.865,0.974,0.525,1,5,0
0.122,3,2,0.802,0.924,0.548,1,6,0
0.809,1,2,0.222,0.383,0.027,1,10,1
0.838,1,2,0.328,0.223,0.462,1,4,0
0.351,3,3,0.331,0.509,0.476,0,3,1
0.973,1,1,0.108,0.581,0.688,0,9,1
0.808,2,2,0.9,0.606,0.358,0,6,1
0.738,1,3,0.719,0.52,0.565,2,6,0
0.163,3,3,0.848,0.921,0.436,0,7,0
0.7,2,1,0.192,0.402,0.207,1,9,0
0.913,3,1,0.304,0.569,0.284,2,6,0
0.622,3,3,0.214,0.322,0.309,0,10,0
0.964,3,3,0.664,0.17,0.059,0,8,1
0.957,1,1,0.147,0.673,0.157,0,3,1
0.528,1,3,0.194,0.455,0.62,2,9,0
0.32,3,1,0.778,0.688,0.625,2,6,0
0.962,3,1,0.456,0.465,0.39,2,10,0
0.989,3,2,0.613,0.317,0.529,1,15,1
0.916,2,2,0.45,0.897,0.521,0,6,0
0.35,3,2,0.077,0.485,0.167,1,7,0
0.402,3,2,0.694,0.081,0.106,1,6,1
0.467,3,2,0.389,0.466,0.044,1,3,0
0.789,2,2,0.753,0.477,0.66,0,9,1
0.761,3,2,0.436,0.898,0.342,1,3,0
0.702,2,1,0.981,0.724,0.588,1,15,1
0.455,3,2,0.136,0.663,0.059,1,10,1
0.334,2,2,0.278,0.212,0.229,0,9,1
0.174,1,2,0.224,0.749,0.036,1,4,0
0.687,1,1,0.621,0.95,0.14,0,6,1
0.703,3,2,0.767,0.948,0.326,1,5,0
0.967,3,2,0.108,0.115,0.574,1,3,0
0.618,2,1,0.592,0.397,0.501,1,6,1
0.795,3,3,0.783,0.6,0.085,0,8,1
0.695,1,2,0.822,0.506,0.239,1,4,0
0.426,2,3,0.522,0.707,0.305,1,7,0
0.928,2,3,0.268,0.465,0.578,1,6,0
0.178,2,3,0.668,0.244,0.325,1,8,1
0.866,1,2,0.34,0.488,0.248,1,7,0
0.565,1,2,0.555,0.086,0.504,1,6,0
0.681,2,2,0.222,0.448,0.012,0,6,1
0.623,2,3,0.55,0.553,0.241,1,8,0
0.344,2,2,0.12,0.231,0.505,0,15,0
0.721,1,3,0.59,0.216,0.339,2,15,0
0.982,1,2,0.014,0.296,0.253,1,15,1
0.141,1,1,0.638,0.553,0.488,0,10,1
0.111,2,1,0.965,0.469,0.308,1,7,0
0.53,1,3,0.686,0.401,0.052,2,5,1
0.607,2,3,0.764,0.085,0.174,1,6,0
0.442,2,2,0.305,0.297,0.412,0,3,0
0.766,1,1,0.157,0.626,0.185,0,5,0
0.241,2,2,0.033,0.451,0.416,0,7,0
0.733,2,2,0.788,0.071,0.163,0,6,1
0.59,3,1,0.071,0.149,0.186,2,5,0
0.636,3,2,0.689,0.921,0.307,1,9,0
0.55,2,2,0.735,0.438,0.419,0,7,1
0.306,3,1,1.0,0.836,0.403,2,7,0
0.787,1,2,0.181,0.471,0.456,1,9,0
0.543,1,2,0.67,0.47,0.286,1,5,0
0.724,2,3,0.037,0.663,0.28,1,4,0
0.391,2,1,0.658,0.865,0.577,1,15,0
0.149,3,3,0.442,0.362,0.53,0,3,0
0.594,2,1,0.029,0.438,0.489,1,6,0
0.38,1,1,0.461,0.552,0.065,0,4,0
0.239,3,2,0.835,0.292,0.494,1,10,0
0.596,2,3,0.879,0.191,0.42,1,4,0
0.811,2,2,0.821,0.34,0.551,0,7,0
0.854,3,1,0.447,0.999,0.343,2,10,0
0.597,3,1,0.981,0.377,0.653,2,6,0
0.31,2,3,0.913,0.044,0.521,1,9,0
0.697,3,1,0.126,0.981,0.347,2,8,0
0.887,2,1,0.722,0.1,0.637,1,9,0
0.973,1,2,0.623,0.469,0.678,1,9,0
0.867,3,2,0.627,0.859,0.266,1,10,0
0.132,1,2,0.997,0.235,0.479,1,4,0
0.189,3,1,0.694,0.704,0.07,2,3,1
0.817,2,1,0.531,0.358,0.301,1,5,1
0.171,2,3,0.143,0.62,0.169,1,10,0
0.514,3,2,0.678,0.009,0.563,1,5,1
0.951,3,3,0.25,0.299,0.673,0,7,1
0.446,2,2,0.575,0.107,0.267,0,7,1
0.847,2,3,0.778,0.274,0.396,1,3,0
0.771,2,2,0.219,0.776,0.161,0,6,0
0.71,3,1,0.628,0.767,0.477,2,3,0
0.497,3,2,0.327,0.365,0.092,1,9,1
0.219,3,3,0.913,0.876,0.256,0,5,1
0.842,2,2,0.804,0.967,0.207,0,10,0
0.227,1,2,0.967,0.86,0.507,1,15,0
0.812,1,2,0.673,0.264,0.087,1,7,0
0.84,2,1,0.62,0.108,0.164,1,15,1
0.649,3,3,0.302,0.063,0.577,0,9,1
0.141,1,1,0.235,0.304,0.345,0,15,1
0.508,3,3,0.419,0.949,0.488,0,5,0
0.689,2,2,0.033,0.616,0.657,0,8,1
0.5,1,3,0.367,0.855,0.07,2,8,1
0.348,1,1,0.663,0.949,0.577,0,3,1
0.4,1,3,0.207,0.787,0.144,2,6,0
0.31,1,2,0.858,0.789,0.417,1,5,0
0.586,1,1,0.015,0.11,0.607,0,6,0
0.114,2,3,0.114,0.052,0.519,1,4,0
0.8,3,1,0.945,0.594,0.316,2,3,0
0.918,3,1,0.061,0.521,0.321,2,10,0
0.484,1,1,0.899,0.49,0.637,0,8,0
0.159,2,3,0.325,0.624,0.41,1,15,0
0.555,2,3,0.651,0.099,0.491,1,15,0
0.294,2,2,0.399,0.888,0.29,0,4,1
0.381,2,2,0.067,0.374,0.107,0,4,1
0.187,3,1,0.586,0.373,0.091,2,15,0
0.703,2,2,0.868,0.354,0.466,0,3,0
0.64,2,1,0.657,0.104,0.355,1,6,0
0.415,3,3,0.226,0.368,0.534,0,9,0
0.977,3,1,0.609,0.614,0.45,2,7,1
0.346,2,1,0.87,0.922,0.246,1,9,1
0.767,1,2,0.42,0.092,0.371,1,8,1
0.38,2,1,0.883,0.777,0.397,1,5,1
0.656,3,2,0.486,0.082,0.31,1,10,0
0.294,3,2,0.678,0.114,0.301,1,10,0
0.378,1,1,0.204,0.395,0.42,0,6,0
0.788,2,3,0.431,0.328,0.005,1,5,1
0.733,3,2,0.072,0.559,0.468,1,3,0
0.514,1,3,0.404,0.862,0.403,2,9,0
0.465,2,2,0.832,0.172,0.663,0,8,1
0.86,1,1,0.396,0.436,0.28,0,7,0
0.299,1,3,0.51,0.076,0.443,2,8,0
0.962,3,1,0.256,0.815,0.165,2,5,0
0.784,3,3,0.494,0.075,0.666,0,10,0
0.894,3,3,0.316,0.635,0.437,0,10,1
0.498,2,2,0.507,0.796,0.414,0,7,1
0.134,2,1,0.615,0.832,0.054,1,15,0
0.622,3,3,0.652,0.896,0.315,0,8,1
0.551,1,2,0.982,0.451,0.568,1,4,0
0.255,1,3,0.523,0.708,0.694,2,5,0
0.926,2,3,0.052,0.409,0.237,1,8,1
0.185,3,3,0.964,0.387,0.176,0,5,1
0.624,1,3,0.698,0.917,0.217,2,9,1
0.738,1,2,0.813,0.31,0.264,1,15,1
0.703,3,1,0.951,0.362,0.254,2,8,0
0.538,1,2,0.844,1.0,0.108,1,4,1
0.586,3,2,0.876,0.884,0.026,1,5,0
0.239,1,1,0.721,0.831,0.54,0,3,0
0.709,1,3,0.784,0.97,0.427,2,6,0
0.379,2,3,0.947,0.904,0.136,1,10,1
0.354,2,1,0.817,0.503,0.293,1,5,0
0.147,2,1,0.711,0.874,0.388,1,15,0
0.357,1,1,0.831,0.273,0.634,0,4,0
0.3,2,2,0.053,0.885,0.651,0,15,0
0.448,1,1,0.839,0.375,0.02,0,8,0
0.224,2,1,0.759,0.917,0.331,1,10,0
0.105,1,1,0.549,0.019,0.151,0,15,0
0.799,1,2,0.639,0.301,0.033,1,10,1
0.853,2,3,0.575,0.597,0.012,1,5,1
0.101,2,3,0.668,0.241,0.292,1,15,0
0.161,3,3,0.554,0.544,0.55,0,9,0
0.139,2,1,0.357,0.981,0.178,1,4,0
0.76,3,2,0.133,0.104,0.407,1,8,0
0.832,1,3,0.479,0.83,0.479,2,5,0
0.157,2,1,0.886,0.037,0.141,1,8,0
0.564,3,3,0.191,0.473,0.026,0,8,0
0.143,3,2,0.437,0.332,0.087,1,9,0
0.905,2,3,0.498,0.339,0.131,1,15,1
0.174,2,1,0.545,0.079,0.422,1,8,1
0.395,2,2,0.167,0.306,0.422,0,10,0
0.138,2,3,0.98,0.615,0.304,1,3,1
0.674,2,1,0.953,0.513,0.525,1,5,0
0.71,2,3,0.366,0.035,0.047,1,9,0
0.129,1,2,0.444,0.679,0.664,1,4,0
0.577,2,1,0.026,0.314,0.195,1,5,0
0.448,3,3,0.446,0.118,0.542,0,7,0
0.999,1,2,0.173,0.123,0.597,1,10,0
0.829,2,3,0.542,0.668,0.497,1,7,0
0.741,3,3,0.224,0.638,0.556,0,6,0
0.313,2,2,0.467,0.026,0.388,0,15,1
0.896,1,3,0.479,0.309,0.7,2,9,0
0.841,1,1,0.45,0.125,0.222,0,15,1
0.89,3,1,0.433,0.64,0.127,2,3,0
0.566,2,3,0.225,0.165,0.226,1,15,0
0.861,2,2,0.125,0.196,0.669,0,7,0
0.184,3,1,0.171,0.169,0.659,2,8,0
0.607,1,3,0.265,0.081,0.664,2,6,0
0.475,3,3,0.29,0.03,0.622,0,7,0
0.824,3,3,0.06,0.406,0.317,0,10,1
0.518,2,3,0.319,0.607,0.219,1,8,0
0.218,2,1,0.466,0.515,0.074,1,7,0
0.227,1,3,0.418,0.29,0.269,2,5,0
0.94,3,2,0.996,0.313,0.534,1,10,0
0.378,1,2,0.967,0.09,0.275,1,6,0
0.144,2,3,0.673,0.495,0.618,1,7,0
0.862,2,2,0.764,0.134,0.185,0,8,1
0.146,3,1,0.386,0.195,0.387,2,10,0
0.352,3,1,0.394,0.68,0.083,2,8,0
0.429,1,3,0.04,0.199,0.356,2,3,0
0.4,2,3,0.14,0.519,0.104,1,8,1
0.992,3,3,0.828,0.843,0.416,0,15,1
0.607,2,3,0.11,0.816,0.258,1,9,0
0.817,3,3,0.475,0.872,0.44,0,6,0
0.625,1,2,0.148,0.524,0.505,1,6,1
0.953,1,2,0.151,0.191,0.309,1,6,0
0.797,2,1,0.706,0.873,0.515,1,15,1
0.393,3,1,0.46,0.478,0.264,2,15,0
0.419,3,2,0.61,0.681,0.563,1,6,0
0.351,2,2,0.771,0.225,0.681,0,6,0
0.54,2,3,0.273,0.349,0.654,1,4,0
0.589,2,1,0.29,0.818,0.668,1,7,0
0.171,2,1,0.202,0.656,0.523,1,15,0
0.606,2,3,0.239,0.137,0.431,1,3,0
0.578,3,2,0.717,0.233,0.07,1,4,0
0.224,3,3,0.935,0.978,0.111,0,10,1
0.28,2,1,0.652,0.321,0.452,1,6,0
0.751,1,1,0.934,0.913,0.123,0,3,0
0.457,2,2,0.877,0.186,0.524,0,3,1
0.643,2,3,0.524,0.285,0.692,1,5,0
0.521,1,3,0.459,0.809,0.231,2,7,0
0.113,2,1,0.175,0.791,0.397,1,9,0
0.564,1,1,0.477,0.401,0.067,0,6,1
0.445,2,2,0.582,0.754,0.668,0,3,1
0.424,1,2,0.16,0.062,0.083,1,15,0
0.899,2,2,0.368,0.69,0.447,0,6,1
0.22,1,2,0.416,0.455,0.692,1,15,0
0.782,3,3,0.755,0.826,0.533,0,4,1
0.575,2,1,0.829,0.078,0.395,1,15,1
0.583,1,1,0.68,0.328,0.364,0,10,1
0.559,1,2,0.564,0.453,0.359,1,15,0
0.826,3,1,0.746,0.022,0.178,2,4,1
0.41,1,1,0.986,0.541,0.042,0,10,1
0.468,1,3,0.964,0.766,0.685,2,8,0
0.444,2,3,0.875,0.376,0.478,1,5,0
0.413,1,1,0.728,0.993,0.275,0,6,0
0.781,2,2,0.532,0.463,0.503,0,6,1
0.412,2,1,0.032,0.188,0.613,1,9,0
0.943,1,3,0.034,0.241,0.047,2,3,0
0.14,2,1,0.14,0.234,0.152,1,7,0
0.925,3,3,0.818,0.319,0.419,0,6,1
0.229,3,2,0.061,0.521,0.289,1,5,0
0.484,2,3,0.671,0.047,0.241,1,15,0
0.475,1,3,0.474,0.3,0.129,2,6,0
0.737,2,2,0.557,0.915,0.394,0,5,1
0.329,2,2,0.092,0.647,0.646,0,6,1
0.439,3,1,0.805,0.603,0.612,2,15,0
0.288,2,1,0.937,0.303,0.636,1,4,0
0.779,1,2,0.915,0.696,0.493,1,15,1
0.355,2,2,0.36,0.534,0.251,0,10,0
0.823,3,1,0.371,0.469,0.588,2,9,1
0.878,3,3,0.579,0.146,0.183,0,9,1
0.277,1,2,0.551,0.38,0.583,1,8,0
0.839,3,1,0.733,0.642,0.343,2,8,1
0.748,2,3,0.957,0.184,0.623,1,15,1
0.862,3,1,0.843,0.049,0.004,2,6,1
0.236,1,3,0.638,0.506,0.261,2,10,0
0.114,3,3,0.722,0.552,0.008,0,15,0
0.115,3,1,0.107,0.674,0.564,2,4,0
0.317,3,2,0.795,0.526,0.571,1,4,0
0.465,3,2,0.684,0.243,0.488,1,4,0
0.872,1,3,0.476,0.094,0.265,2,3,0
0.174,2,1,0.895,0.645,0.232,1,3,1
0.911,3,1,0.924,0.888,0.333,2,7,0
0.607,1,1,0.961,0.179,0.595,0,5,0
0.741,2,3,0.24,0.929,0.209,1,9,0
0.587,2,3,0.724,0.756,0.098,1,15,0
0.411,1,2,0.605,0.437,0.587,1,9,0
0.394,3,2,0.228,0.273,0.695,1,15,0
0.489,3,3,0.295,0.586,0.266,0,6,0
0.174,1,1,0.74,0.38,0.549,0,8,0
0.182,2,1,0.133,0.445,0.533,1,5,0
0.601,3,2,0.554,0.408,0.018,1,8,0
0.111,2,3,0.905,0.388,0.059,1,6,0
0.253,2,2,0.493,0.17,0.188,0,4,1
0.348,2,2,0.944,0.484,0.054,0,10,1
0.276,1,2,0.332,0.135,0.005,1,9,0
0.397,2,3,0.974,0.431,0.576,1,5,0
0.643,3,2,0.969,0.201,0.22,1,7,0
0.67,3,2,0.816,0.782,0.228,1,9,1
0.939,1,3,0.768,0.592,0.382,2,3,0
0.515,3,3,0.069,0.21,0.558,0,9,0
0.225,2,3,0.423,0.242,0.461,1,9,1
0.992,2,3,0.418,0.582,0.374,1,3,0
0.424,3,1,0.769,0.594,0.64,2,8,0
0.651,3,2,0.967,0.984,0.474,1,8,0
0.487,1,3,0.519,0.099,0.155,2,6,0
0.452,3,2,0.998,0.589,0.35,1,10,1
0.474,1,1,0.348,0.116,0.658,0,8,0
0.286,2,3,0.697,0.348,0.068,1,8,1
0.14,3,3,0.109,0.115,0.594,0,5,0
0.766,3,3,0.426,0.174,0.112,0,10,1
0.465,1,2,0.029,0.186,0.46,1,6,0
0.487,1,3,0.809,0.705,0.144,2,4,0
0.82,3,2,0.114,0.187,0.228,1,10,0
0.675,3,1,0.348,0.389,0.275,2,10,0
0.832,3,3,0.085,0.801,0.643,0,5,1
0.315,1,3,0.388,0.183,0.485,2,5,0
0.481,2,3,0.931,0.636,0.485,1,5,0
0.541,1,3,0.054,0.187,0.589,2,8,0
0.536,1,3,0.653,0.815,0.675,2,9,0
0.474,2,1,0.796,0.489,0.058,1,6,1
0.347,3,3,0.743,0.289,0.547,0,10,0
0.202,1,2,0.542,0.268,0.38,1,3,0
0.497,1,3,0.751,0.99,0.072,2,7,0
0.129,2,2,0.865,0.349,0.572,0,4,0
0.313,3,3,0.61,0.588,0.245,0,9,1
0.225,1,3,0.351,0.814,0.564,2,7,0
0.252,3,3,0.985,0.293,0.401,0,4,1
0.775,2,3,0.127,0.919,0.695,1,5,0
0.74,1,2,0.142,0.761,0.473,1,7,0
0.438,1,1,0.403,0.634,0.616,0,7,0
0.89,2,1,0.869,0.95,0.229,1,4,0
0.513,3,3,0.398,0.697,0.595,0,9,0
0.545,2,3,0.131,0.828,0.236,1,10,0
0.905,1,2,0.016,0.046,0.438,1,5,0
0.101,2,1,0.882,0.202,0.482,1,7,0
0.939,2,1,0.372,0.093,0.252,1,5,1
0.663,3,3,0.091,0.699,0.164,0,4,1
0.529,1,2,0.009,0.594,0.364,1,8,0
0.989,2,1,0.383,0.694,0.334,1,4,1
0.431,2,1,0.642,0.137,0.541,1,5,1
0.607,3,3,0.213,0.65,0.308,0,5,0
0.654,2,1,0.14,0.86,0.061,1,4,0
0.446,2,2,0.645,0.315,0.098,0,6,0
0.64,3,1,0.848,0.285,0.659,2,7,0
0.646,1,1,0.784,0.748,0.207,0,6,1
0.201,2,1,0.987,0.638,0.05,1,8,1
0.875,3,1,0.763,0.421,0.382,2,4,1
0.161,2,2,0.507,0.216,0.646,0,15,0
0.481,2,3,0.153,0.082,0.376,1,4,0
0.56,1,2,0.391,0.974,0.109,1,4,1
0.494,1,2,0.116,0.058,0.06,1,3,0
0.768,3,1,0.701,0.176,0.009,2,5,0
0.412,3,1,0.372,0.783,0.505,2,7,0
0.206,1,3,0.064,0.335,0.301,2,4,0
0.56,1,2,0.157,0.5,0.397,1,4,0
0.707,1,1,0.859,0.228,0.356,0,3,1
0.525,2,1,0.553,0.92,0.125,1,9,1
0.323,3,3,0.373,0.32,0.578,0,15,0
0.147,1,2,0.069,0.804,0.687,1,10,0
0.796,2,1,0.369,0.327,0.387,1,7,0
0.374,3,2,0.998,0.243,0.258,1,6,0
0.592,1,1,0.233,0.151,0.653,0,8,0
0.724,1,3,0.376,0.951,0.001,2,7,1
0.577,1,1,0.712,0.42,0.673,0,4,1
0.308,3,2,0.975,0.413,0.627,1,4,0
0.555,3,3,0.062,0.82,0.052,0,5,1
0.335,2,3,0.326,0.926,0.275,1,10,1
0.167,1,1,0.155,0.136,0.539,0,5,0
0.383,1,1,0.452,0.536,0.675,0,10,1
0.208,1,3,0.697,0.808,0.213,2,3,0
0.871,1,2,0.396,0.091,0.174,1,3,0
0.334,1,2,0.556,0.031,0.283,1,15,0
0.516,1,1,0.131,0.121,0.043,0,9,1
0.667,3,1,0.022,0.084,0.41,2,4,0
0.681,1,2,0.123,0.092,0.593,1,10,1
0.932,2,1,0.383,0.822,0.276,1,9,1
0.293,1,1,0.035,0.275,0.312,0,6,0
0.549,3,2,0.137,0.479,0.061,1,6,0
0.817,1,1,0.989,0.631,0.562,0,8,1
0.803,2,2,0.27,0.913,0.352,0,3,1
0.297,2,3,0.357,0.059,0.694,1,6,0
0.19,3,3,0.056,0.241,0.374,0,6,0
0.984,2,1,0.176,0.355,0.587,1,8,0
0.728,3,3,0.564,0.028,0.49,0,6,0
0.829,2,1,0.09,0.542,0.123,1,6,0
0.118,2,1,0.806,0.001,0.643,1,8,0
0.927,2,3,0.917,0.06,0.103,1,4,0
0.875,1,2,0.586,0.374,0.659,1,8,0
0.223,1,3,0.961,0.732,0.306,2,8,0
0.972,3,2,0.223,0.89,0.43,1,5,1
0.761,2,3,0.949,0.127,0.51,1,9,0
0.794,3,3,0.221,0.032,0.422,0,4,0
0.227,3,2,0.168,0.078,0.243,1,4,0
0.703,3,2,0.21,0.887,0.313,1,4,0
0.808,3,3,0.42,0.001,0.27,0,5,0
0.544,2,2,0.789,0.351,0.263,0,6,1
0.166,1,1,0.074,0.295,0.223,0,5,0
0.245,1,1,0.338,0.547,0.629,0,10,0
0.488,3,1,0.054,0.165,0.623,2,8,0
0.271,3,3,0.265,0.554,0.648,0,7,0
0.186,2,1,0.055,0.572,0.588,1,3,0
0.365,3,1,0.026,0.625,0.336,2,5,0
0.979,2,2,0.471,0.844,0.216,0,7,1
0.59,1,1,0.446,0.371,0.267,0,7,1
0.337,2,3,0.667,0.564,0.106,1,4,0
0.827,2,3,0.061,0.971,0.413,1,9,0
0.477,3,3,0.882,0.687,0.655,0,10,1
0.455,3,3,0.8,0.035,0.4,0,5,1
0.781,1,1,0.808,0.949,0.117,0,5,1
0.171,3,3,0.148,0.435,0.698,0,7,0
0.754,1,3,0.326,0.087,0.389,2,7,0
0.925,1,3,0.782,0.787,0.436,2,4,0
0.233,3,1,0.925,0.583,0.675,2,4,0
0.881,2,3,0.486,0.878,0.185,1,10,1
0.348,1,2,0.039,0.618,0.477,1,8,0
0.144,2,1,0.338,0.921,0.628,1,7,0
0.859,3,1,0.134,0.685,0.681,2,10,0
0.389,3,1,0.442,0.417,0.452,2,9,0
0.784,2,1,0.066,0.821,0.361,1,15,0
0.802,3,1,0.875,0.879,0.02,2,6,0
0.325,2,1,0.274,0.051,0.252,1,10,0
0.672,1,2,0.594,0.681,0.169,1,5,0
0.527,3,2,0.749,0.35,0.114,1,4,1
0.448,1,1,0.857,0.854,0.546,0,6,0
0.342,2,3,0.009,0.513,0.605,1,5,0
0.641,1,2,0.713,0.224,0.426,1,7,0
0.439,2,2,0.677,0.459,0.153,0,9,0
0.107,3,3,0.647,0.966,0.588,0,7,1
0.197,1,2,0.861,0.336,0.194,1,7,0
0.957,3,1,0.9,0.299,0.105,2,9,0
0.713,3,2,0.259,0.025,0.348,1,9,0
0.763,3,1,0.343,0.708,0.4,2,6,0
0.674,2,3,0.3,0.907,0.47,1,5,0
0.889,1,3,0.259,0.294,0.33,2,15,0
0.265,3,1,0.355,0.9,0.458,2,7,0
0.898,2,1,0.471,0.261,0.206,1,4,0
0.275,1,2,0.413,0.867,0.267,1,5,1
0.28,2,2,0.143,0.987,0.625,0,5,0
0.539,3,1,0.005,0.987,0.219,2,7,0
0.796,3,1,0.129,0.764,0.343,2,9,0
0.463,2,1,0.731,0.383,0.026,1,3,0
0.781,3,3,0.734,0.191,0.474,0,6,0
0.41,1,2,0.167,0.103,0.352,1,3,0
0.362,3,2,0.888,0.52,0.367,1,5,0
0.911,2,2,0.019,0.75,0.115,0,6,0
0.218,3,1,0.367,0.022,0.353,2,3,0
0.676,3,1,0.662,0.623,0.416,2,3,1
0.204,2,2,0.702,0.38,0.383,0,6,0
0.667,2,3,0.27,0.421,0.071,1,5,0
0.909,3,1,0.785,0.719,0.082,2,10,1
0.28,2,2,0.703,0.831,0.681,0,7,1
0.593,1,1,0.003,0.688,0.336,0,4,0
0.852,3,3,0.075,0.494,0.665,0,4,0
0.68,2,2,0.05,0.989,0.207,0,5,0
0.867,2,3,0.116,0.802,0.219,1,3,1
0.225,3,2,0.955,0.171,0.25,1,7,0
0.184,2,2,0.272,0.183,0.281,0,9,0
0.53,2,1,0.133,0.649,0.558,1,3,0
0.86,1,3,0.678,0.416,0.414,2,5,0
0.801,3,3,0.973,0.029,0.479,0,5,1
0.539,2,3,0.314,0.441,0.044,1,15,0
0.619,3,2,0.519,0.224,0.669,1,4,0
0.754,2,2,0.149,0.346,0.473,0,15,0
0.652,1,2,0.852,0.643,0.11,1,5,1
0.542,1,3,0.223,0.331,0.195,2,9,0
0.311,2,1,0.857,0.444,0.401,1,10,0
0.983,3,2,0.036,0.653,0.072,1,15,1
0.182,3,3,0.562,0.963,0.446,0,10,0
0.427,1,2,0.56,0.817,0.591,1,10,0
0.427,2,1,0.002,0.114,0.532,1,8,0
0.968,2,1,0.046,0.548,0.262,1,5,0
0.84,3,3,0.196,0.722,0.075,0,4,0
0.454,2,2,0.108,0.825,0.133,0,9,1
0.67,3,2,0.457,0.589,0.541,1,15,1
0.549,3,2,0.839,0.736,0.387,1,10,0
0.803,1,1,0.104,0.692,0.122,0,8,1
0.446,3,2,0.398,0.916,0.534,1,8,0
0.508,1,3,0.512,0.138,0.422,2,15,0
0.741,3,3,0.714,0.633,0.141,0,8,0
0.219,3,3,0.542,0.65,0.671,0,8,0
0.785,3,3,0.71,0.48,0.399,0,15,1
0.863,1,1,0.053,0.523,0.018,0,3,1
0.775,1,1,0.839,0.984,0.478,0,7,1
0.587,2,3,0.739,0.814,0.072,1,6,0
0.605,1,3,0.288,0.511,0.558,2,3,0
0.449,3,1,0.744,0.313,0.386,2,6,0
0.803,2,3,0.71,0.83,0.638,1,8,0
0.592,3,1,0.294,0.196,0.507,2,5,0
0.167,1,1,0.429,0.735,0.084,0,15,1
0.245,2,1,0.04,0.006,0.326,1,8,0
0.796,3,2,0.79,0.616,0.463,1,15,1
0.806,2,3,0.068,0.525,0.67,1,15,1
0.589,2,1,0.663,0.092,0.155,1,8,0
0.297,3,3,0.009,0.53,0.698,0,8,0
0.914,3,1,0.683,0.919,0.171,2,8,1
0.817,1,2,0.025,0.386,0.378,1,15,0
0.437,3,3,0.193,0.446,0.031,0,15,1
0.186,3,1,0.67,0.533,0.439,2,6,0
0.482,1,3,0.775,0.206,0.58,2,4,0
0.238,2,1,0.054,0.717,0.027,1,7,0
0.617,1,2,0.63,0.911,0.285,1,9,1
0.451,1,3,0.063,0.535,0.449,2,3,0
0.165,3,2,0.607,0.106,0.551,1,7,0
0.494,2,1,0.533,0.822,0.022,1,5,0
0.817,3,2,0.677,0.295,0.444,1,8,0
0.11,3,3,0.597,0.141,0.029,0,15,0
0.177,1,2,0.212,0.748,0.632,1,15,0
0.266,3,1,0.671,0.835,0.136,2,3,0
0.939,3,2,0.672,0.461,0.385,1,7,1
0.753,2,3,0.655,0.952,0.25,1,4,1
0.163,1,3,0.659,0.318,0.315,2,5,0
0.428,2,2,0.246,0.959,0.118,0,6,0
0.677,2,3,0.332,0.84,0.094,1,10,0
0.423,2,3,0.607,0.487,0.076,1,7,0
0.226,3,3,0.076,0.196,0.513,0,4,0
0.865,3,2,0.769,0.031,0.407,1,6,0
0.596,3,3,0.775,0.894,0.378,0,8,1
0.902,3,2,0.501,0.733,0.204,1,4,1
0.552,3,3,0.684,0.239,0.675,0,15,1
0.243,3,1,0.736,0.949,0.462,2,10,0
0.136,2,1,0.043,0.232,0.185,1,6,0
0.812,2,1,0.04,0.47,0.318,1,8,1
0.972,3,2,0.579,0.83,0.584,1,5,1
0.441,3,3,0.252,0.653,0.585,0,6,0
0.418,2,3,0.007,0.487,0.337,1,5,0
0.307,3,1,0.157,0.643,0.148,2,4,0
0.473,2,2,0.479,0.72,0.337,0,5,0
0.47,1,1,0.135,0.043,0.401,0,15,1
0.615,1,3,0.958,0.166,0.646,2,3,0
0.755,2,3,0.993,0.947,0.152,1,10,1
0.847,3,1,0.623,0.143,0.408,2,15,0
0.752,2,1,0.23,0.922,0.418,1,9,1
0.115,3,2,0.827,0.86,0.353,1,4,1
0.911,3,3,0.752,0.039,0.549,0,4,1
0.217,3,3,0.649,0.539,0.001,0,15,1
0.887,3,2,0.79,0.53,0.161,1,9,1
0.824,3,2,0.477,0.576,0.298,1,6,0
0.175,3,1,0.005,0.877,0.286,2,3,0
0.206,1,2,0.409,0.375,0.144,1,4,0
0.686,2,3,0.366,0.261,0.375,1,7,0
0.458,1,2,0.179,0.413,0.549,1,15,0
0.328,2,2,0.736,0.578,0.542,0,4,0
0.502,3,3,0.401,0.949,0.07,0,8,0
0.653,3,3,0.005,0.707,0.113,0,4,0
0.525,3,1,0.371,0.435,0.045,2,3,0
0.938,2,3,0.964,0.614,0.365,1,3,0
0.838,3,3,0.931,0.494,0.007,0,15,1
0.13,3,3,0.169,0.511,0.489,0,3,0
0.69,1,2,0.353,0.087,0.193,1,9,0
0.28,1,1,0.55,0.737,0.048,0,15,0
0.413,2,2,0.93,0.226,0.674,0,3,1
0.466,1,2,0.947,0.559,0.352,1,15,0
0.889,3,2,0.563,0.25,0.31,1,6,0
0.965,2,1,0.482,0.682,0.628,1,7,1
0.67,1,2,0.412,0.677,0.161,1,8,0
0.109,2,3,0.749,0.248,0.065,1,8,1
0.938,2,3,0.269,0.314,0.153,1,6,0
0.28,3,1,0.203,0.242,0.186,2,6,0
0.42,1,3,0.493,0.12,0.055,2,3,0
0.587,1,2,0.492,0.848,0.26,1,7,0
0.986,3,3,0.128,0.28,0.155,0,15,0
0.53,3,3,0.776,0.033,0.243,0,10,0
0.728,2,3,0.211,0.316,0.006,1,4,0
0.652,2,2,0.471,0.187,0.184,0,8,1
0.549,1,2,0.854,0.419,0.527,1,7,0
0.614,3,3,0.27,0.686,0.57,0,6,0
0.871,1,1,0.473,0.146,0.671,0,3,1
0.55,3,2,0.3,0.517,0.504,1,15,0
0.143,1,2,0.477,0.691,0.042,1,4,0
0.401,2,2,0.344,0.36,0.39,0,9,1
0.881,3,3,0.538,0.199,0.403,0,7,1
0.706,2,1,0.381,0.775,0.313,1,7,0
0.961,1,2,0.631,0.641,0.65,1,9,0
0.164,1,3,0.291,0.344,0.219,2,7,0
0.456,2,3,0.587,0.781,0.657,1,10,0
0.265,1,2,0.94,0.125,0.164,1,4,1
0.457,1,3,0.054,0.064,0.615,2,9,0
0.996,1,3,0.932,0.262,0.109,2,9,1
0.323,2,3,0.839,0.443,0.088,1,3,1
0.421,2,3,0.935,0.864,0.327,1,15,1
0.973,3,2,0.631,0.539,0.414,1,9,0
0.676,2,1,0.805,0.909,0.337,1,10,1
0.471,1,1,0.344,0.304,0.0,0,10,0
0.719,2,1,0.766,0.947,0.334,1,7,0
0.817,3,3,0.437,0.374,0.288,0,6,1
0.763,2,1,0.422,0.828,0.154,1,6,0
0.82,3,2,0.648,0.808,0.479,1,15,0
0.472,1,3,0.455,0.182,0.203,2,10,0
0.66,1,3,0.022,0.321,0.107,2,4,0
0.213,2,1,0.015,0.727,0.163,1,6,0
0.38,2,1,0.33,0.998,0.325,1,5,1
0.798,1,2,0.817,0.543,0.127,1,3,1
0.791,1,1,0.738,0.385,0.682,0,3,1
0.762,1,2,0.389,0.521,0.687,1,7,0
0.243,3,3,0.122,0.042,0.656,0,10,0
0.279,1,1,0.236,0.864,0.152,0,9,1
0.251,2,1,0.009,0.585,0.277,1,3,0
0.722,3,1,0.249,0.596,0.26,2,10,1
0.657,3,1,0.701,0.06,0.249,2,4,1
0.309,3,2,0.733,0.789,0.53,1,3,0
0.422,1,3,0.438,0.251,0.028,2,7,0
0.541,3,3,0.468,0.187,0.243,0,15,1
0.578,2,2,0.454,0.296,0.184,0,15,1
0.267,1,3,0.239,0.62,0.255,2,4,0
0.585,2,3,0.154,0.19,0.478,1,7,0
0.677,1,1,0.835,0.096,0.461,0,5,1
0.128,1,3,0.642,0.485,0.069,2,9,0
0.573,3,1,0.606,0.59,0.034,2,4,1
0.929,3,1,0.468,0.491,0.623,2,3,0
0.769,2,1,0.824,0.822,0.556,1,7,0
0.761,2,3,0.097,0.078,0.151,1,6,0
0.271,3,1,0.558,0.657,0.399,2,15,0
0.195,3,3,0.665,0.577,0.472,0,4,1
0.262,2,3,0.998,0.505,0.46,1,10,0
0.912,3,2,0.412,0.991,0.227,1,9,0
0.391,1,3,0.926,0.563,0.15,2,7,0
0.507,2,2,0.596,0.0,0.024,0,15,1
0.901,1,2,0.022,0.3,0.155,1,7,0
0.56,3,1,0.46,0.926,0.108,2,5,1
0.43,3,2,0.092,0.25,0.179,1,9,0
0.296,1,1,0.488,0.724,0.555,0,4,0
0.37,3,1,0.922,0.808,0.267,2,8,0
0.835,2,1,0.748,0.93,0.084,1,3,0
0.669,1,3,0.565,0.305,0.029,2,8,0
0.299,1,2,0.753,0.674,0.698,1,15,1
0.489,2,2,0.571,0.148,0.235,0,3,0
0.336,2,1,0.762,0.502,0.542,1,10,0
0.539,3,3,0.524,0.571,0.393,0,6,1
0.799,2,1,0.672,0.685,0.403,1,9,1
0.271,2,2,0.169,0.594,0.017,0,8,0
0.991,2,1,0.2,0.623,0.308,1,8,1
0.756,1,3,0.927,0.112,0.038,2,7,1
0.724,1,2,0.209,0.305,0.33,1,15,1
0.592,2,1,0.695,0.549,0.436,1,3,0
0.915,3,2,0.201,0.043,0.119,1,7,1
0.689,1,3,0.852,0.067,0.462,2,8,0
0.117,3,3,0.977,0.387,0.686,0,4,0
0.536,3,3,0.967,0.532,0.13,0,15,0
0.119,1,2,0.393,0.922,0.213,1,5,1
0.716,2,3,0.276,0.625,0.165,1,3,0
0.891,1,1,0.152,0.944,0.664,0,9,0
0.179,2,3,0.687,0.521,0.475,1,9,0
0.237,2,3,0.132,0.91,0.23,1,5,0
0.716,1,3,0.899,0.863,0.216,2,5,0
0.918,1,1,0.317,0.656,0.395,0,15,1
0.747,1,3,0.029,0.318,0.616,2,8,0
0.473,2,3,0.933,0.303,0.522,1,7,1
0.269,1,3,0.617,0.185,0.534,2,6,0
0.308,1,2,0.134,0.359,0.482,1,10,0
0.437,2,1,0.226,0.491,0.096,1,9,0
0.114,2,3,0.988,0.95,0.156,1,6,1
0.934,2,2,0.867,0.867,0.343,0,6,1
0.799,3,2,0.394,0.735,0.266,1,15,0
0.888,1,1,0.878,0.521,0.316,0,6,1
0.456,3,3,0.963,0.039,0.271,0,6,1
0.458,2,1,0.422,0.774,0.2,1,3,0
0.913,2,3,0.501,0.83,0.316,1,5,0
0.944,3,2,0.451,0.546,0.275,1,5,0
0.907,1,2,0.692,0.883,0.063,1,5,0
0.211,1,1,0.524,0.706,0.444,0,9,0
0.978,3,2,0.044,0.95,0.265,1,5,0
0.609,3,1,0.179,0.863,0.113,2,3,0
0.379,2,1,0.96,0.289,0.126,1,3,0
0.328,2,1,0.608,0.498,0.349,1,10,0
0.63,2,3,0.6,0.454,0.309,1,6,0
0.35,3,1,0.185,0.558,0.578,2,3,0
0.133,1,2,0.331,0.667,0.587,1,4,1
0.475,1,3,0.692,0.161,0.199,2,15,0
0.51,3,2,0.323,0.36,0.025,1,9,0
0.783,3,1,0.695,0.065,0.33,2,7,0
0.472,1,1,0.571,0.696,0.428,0,15,0
0.535,3,3,0.287,0.605,0.552,0,8,1
0.618,3,3,0.496,0.354,0.091,0,10,1
0.262,3,1,0.002,0.233,0.203,2,3,0
0.817,3,2,0.414,0.848,0.56,1,8,1
0.825,1,2,0.254,0.011,0.141,1,4,0
0.556,2,2,0.341,0.767,0.08,0,3,0
0.275,2,2,0.797,0.922,0.335,0,5,1
0.664,3,2,0.928,0.896,0.324,1,3,0
0.369,3,1,0.208,0.678,0.389,2,8,0
0.899,2,1,0.339,0.066,0.105,1,9,0
0.858,3,1,0.865,0.606,0.131,2,7,0
0.383,1,1,0.372,0.271,0.061,0,7,1
0.372,1,1,0.913,0.374,0.026,0,10,1
0.819,3,2,0.732,0.154,0.238,1,15,1
0.395,1,3,0.993,0.822,0.657,2,6,0
0.513,3,2,0.932,0.865,0.081,1,4,1
0.9,1,2,0.022,0.521,0.461,1,7,0
0.289,1,2,0.773,0.193,0.194,1,4,0
0.242,1,3,0.102,0.015,0.436,2,15,0
0.387,1,3,0.245,0.943,0.563,2,4,0
0.903,3,2,0.903,0.444,0.091,1,3,1
0.148,2,3,0.629,0.392,0.493,1,10,0
0.381,1,3,0.079,0.713,0.47,2,10,0
0.184,3,3,0.644,0.468,0.319,0,10,0
0.953,1,2,0.392,0.861,0.432,1,8,0
0.894,2,1,0.351,0.488,0.046,1,10,0
0.354,2,1,0.406,0.604,0.089,1,4,0
0.685,2,2,0.239,0.533,0.281,0,6,0
0.977,2,3,0.591,0.066,0.146,1,9,0
0.408,3,1,0.739,0.236,0.464,2,10,0
0.636,2,1,0.308,0.555,0.575,1,9,1
0.198,3,2,0.645,0.771,0.265,1,3,1
0.835,3,1,0.757,0.903,0.445,2,5,0
0.362,3,3,0.877,0.578,0.137,0,7,1
0.922,2,3,0.983,0.919,0.656,1,8,0
0.624,3,1,0.853,0.986,0.283,2,3,0
0.594,1,2,0.11,0.001,0.392,1,7,0
0.312,3,3,0.383,0.59,0.438,0,9,0
0.29,1,2,0.843,0.475,0.132,1,8,0
0.239,3,3,0.016,0.126,0.008,0,10,0
0.977,1,2,0.86,0.085,0.45,1,9,0
0.509,2,2,0.226,0.552,0.315,0,9,0
0.62,3,2,0.927,0.237,0.351,1,8,1
0.134,2,2,0.962,0.705,0.079,0,4,1
0.758,2,3,0.088,0.465,0.055,1,10,0
0.697,3,3,0.312,0.078,0.444,0,3,0
0.582,1,2,0.574,0.469,0.359,1,8,0
0.965,2,3,0.749,0.289,0.025,1,7,1
0.526,1,2,0.809,0.573,0.459,1,3,0
0.174,3,2,0.133,0.077,0.549,1,7,0
0.331,3,3,0.739,0.112,0.122,0,10,1
0.258,3,3,0.862,0.236,0.127,0,8,0
0.971,3,2,0.753,0.934,0.108,1,9,0
0.314,2,3,0.734,0.726,0.117,1,8,1
0.338,1,2,0.301,0.053,0.325,1,15,0
0.715,2,2,0.012,0.475,0.102,0,10,1
0.384,3,3,0.637,0.683,0.029,0,9,1
0.687,2,1,0.255,0.335,0.187,1,9,0
0.708,1,1,0.52,0.734,0.412,0,5,1
0.11,1,1,0.525,0.832,0.008,0,10,1
0.753,2,1,0.057,0.193,0.017,1,6,0
0.674,3,3,0.13,0.958,0.06,0,5,0
0.726,2,1,0.639,0.295,0.462,1,7,0
0.723,3,1,0.781,0.77,0.226,2,7,0
0.445,2,2,0.178,0.996,0.181,0,4,0
0.936,3,1,0.144,0.393,0.452,2,9,0
0.679,2,1,0.07,0.715,0.072,1,7,0
0.117,2,1,0.665,0.149,0.448,1,7,0
0.397,2,2,0.478,0.575,0.361,0,9,0
0.803,1,3,0.818,0.54,0.002,2,10,1
0.582,2,1,0.632,0.333,0.212,1,4,0
0.868,2,2,0.648,0.08,0.322,0,5,0
0.971,3,1,0.631,0.191,0.487,2,8,0
0.897,2,1,0.025,0.735,0.098,1,6,0
0.157,3,2,0.967,0.643,0.35,1,3,1
0.15,3,3,0.667,0.043,0.083,0,10,0
0.883,3,1,0.037,0.149,0.406,2,5,0
0.117,3,1,0.014,0.046,0.491,2,3,0
0.839,1,3,0.064,0.456,0.119,2,4,1
0.635,3,2,0.337,0.221,0.563,1,9,0
0.978,3,1,0.764,0.546,0.225,2,5,0
0.209,1,2,0.553,0.758,0.118,1,10,1
0.624,1,3,0.376,0.1,0.593,2,5,1
0.538,1,3,0.652,0.007,0.648,2,7,0
0.827,2,3,0.271,0.692,0.144,1,10,1
0.944,3,3,0.5,0.692,0.417,0,4,1
0.804,2,1,0.118,0.419,0.39,1,15,0
0.657,3,3,0.659,0.508,0.325,0,7,1
0.201,1,2,0.498,0.685,0.678,1,5,0
0.139,3,2,0.334,0.364,0.147,1,10,1
0.766,3,2,0.515,0.176,0.55,1,4,0
0.749,3,3,0.677,0.58,0.293,0,8,1
0.199,1,1,0.376,0.098,0.516,0,6,1
0.627,1,3,0.455,0.89,0.101,2,9,0
0.512,1,1,0.336,0.632,0.683,0,3,0
0.154,1,2,0.171,0.111,0.326,1,8,0
0.366,1,3,0.906,0.79,0.447,2,15,0
0.178,3,3,0.473,0.489,0.697,0,10,0
0.757,3,2,0.579,0.873,0.173,1,5,0
0.908,2,2,0.733,0.98,0.028,0,15,1
0.578,2,1,0.452,0.81,0.488,1,6,1
0.778,3,1,0.358,0.732,0.665,2,6,0
0.182,2,2,0.858,0.669,0.113,0,3,0
0.517,1,2,0.627,0.874,0.284,1,3,0
0.164,3,2,0.753,0.333,0.023,1,15,0
0.286,3,3,0.932,0.081,0.617,0,15,0
0.707,1,3,0.041,0.111,0.256,2,8,0
0.603,1,1,0.981,0.561,0.542,0,6,1
0.684,3,3,0.21,0.939,0.406,0,6,1
0.908,3,1,0.373,0.68,0.194,2,10,0
0.574,1,3,0.899,0.47,0.372,2,10,0
0.82,3,1,0.188,0.809,0.659,2,10,1
0.452,1,1,0.165,0.288,0.67,0,4,0
0.547,1,2,0.417,0.521,0.439,1,15,0
0.527,2,2,0.189,0.444,0.451,0,3,0
0.309,3,2,0.656,0.645,0.288,1,8,0
0.699,3,2,0.567,0.842,0.312,1,7,1
0.334,2,1,0.148,0.372,0.202,1,7,0
0.25,1,1,0.839,0.712,0.2,0,5,1
0.205,2,2,0.184,0.575,0.309,0,15,0
0.699,2,1,0.534,0.148,0.314,1,4,0
0.464,2,2,0.156,0.769,0.663,0,15,0
0.398,3,3,0.667,0.296,0.627,0,10,1
0.201,2,3,0.117,0.9,0.098,1,3,0
0.857,2,3,0.641,0.357,0.228,1,15,1
0.942,2,2,0.677,0.196,0.059,0,4,0
0.455,2,1,0.908,0.318,0.424,1,8,0
0.744,2,2,0.345,0.37,0.261,0,7,0
0.887,1,3,0.993,0.216,0.621,2,10,0
0.825,2,3,0.598,0.729,0.29,1,5,1
0.527,3,3,0.756,0.987,0.046,0,4,1
0.675,2,3,0.568,0.415,0.389,1,5,1
0.849,2,2,0.835,0.554,0.03,0,7,1
0.766,1,2,0.3,0.027,0.002,1,10,1
0.699,2,3,0.645,0.417,0.344,1,3,1
0.349,1,2,0.566,0.599,0.253,1,7,0
0.528,3,3,0.575,0.818,0.261,0,7,1
0.153,2,2,0.163,0.461,0.485,0,7,0
0.673,2,3,0.936,0.049,0.204,1,15,1
0.665,1,2,0.872,0.599,0.117,1,7,1
0.728,2,1,0.013,0.096,0.406,1,15,0
0.801,2,1,0.218,0.34,0.638,1,15,1
0.27,3,3,0.846,0.613,0.582,0,15,0
0.822,2,1,0.923,0.46,0.053,1,10,1
0.722,1,3,0.523,0.817,0.623,2,8,0
0.374,3,3,0.142,0.815,0.156,0,6,1
0.289,1,1,0.078,0.425,0.534,0,10,0
0.138,1,3,0.059,0.033,0.462,2,4,0
0.139,2,1,0.92,0.668,0.528,1,6,0
0.28,3,3,0.942,0.352,0.064,0,8,1
0.87,3,1,0.099,0.613,0.353,2,3,0
0.744,2,1,0.974,0.172,0.528,1,4,0
0.928,3,1,0.44,0.475,0.489,2,4,0
0.419,2,2,0.113,0.424,0.36,0,8,1
0.199,1,2,0.557,0.496,0.253,1,3,1
0.544,2,2,0.687,0.284,0.42,0,10,1
0.467,2,2,0.939,0.189,0.049,0,8,1
0.999,2,3,0.659,0.672,0.277,1,4,1
0.455,3,1,0.065,0.591,0.071,2,6,0
0.635,2,3,0.499,0.123,0.587,1,7,0
0.821,2,2,0.988,0.356,0.467,0,15,1
0.791,1,1,0.628,0.122,0.343,0,5,1
0.764,1,1,0.383,0.498,0.019,0,8,1
0.66,1,3,0.768,0.76,0.463,2,10,1
0.696,2,3,0.547,0.505,0.38,1,3,0
0.892,1,2,0.443,0.384,0.22,1,3,1
0.601,2,2,0.134,0.885,0.115,0,9,1
0.198,3,3,0.572,0.491,0.388,0,10,0
0.241,1,2,0.617,0.391,0.346,1,8,0
0.356,1,2,0.349,0.028,0.032,1,3,0
0.663,2,2,0.412,0.097,0.242,0,3,0
0.323,3,3,0.066,0.312,0.059,0,7,1
0.253,3,2,0.568,0.326,0.323,1,9,0
0.726,3,3,0.39,0.022,0.222,0,4,0
0.19,3,3,0.34,0.206,0.348,0,7,0
0.492,2,1,0.84,0.635,0.682,1,15,1
0.339,2,1,0.625,0.996,0.281,1,4,0
0.62,3,3,0.475,0.337,0.047,0,6,1
0.169,2,3,0.54,0.505,0.21,1,6,0
0.326,3,1,0.881,0.453,0.534,2,15,0
0.619,1,2,0.268,0.661,0.577,1,15,0
0.867,2,1,0.522,0.935,0.509,1,8,0
0.316,3,2,0.41,0.685,0.21,1,4,0
0.861,2,2,0.687,0.824,0.452,0,6,1
0.202,1,2,0.464,0.028,0.558,1,15,0
0.48,1,1,0.258,0.202,0.191,0,7,0
0.258,1,1,0.055,0.964,0.34,0,4,0
0.368,1,2,0.672,0.901,0.285,1,4,0
0.856,1,3,0.933,0.236,0.4,2,15,0
0.622,3,1,0.6,0.252,0.619,2,8,0
0.626,2,2,0.218,0.806,0.521,0,4,1
0.973,2,1,0.49,0.408,0.604,1,8,0
0.202,3,2,0.879,0.424,0.478,1,5,0
0.744,2,3,0.035,0.021,0.677,1,3,0
0.81,1,3,0.958,0.253,0.269,2,8,0
0.717,3,2,0.008,0.867,0.6,1,9,0
0.926,2,1,0.297,0.09,0.576,1,5,0
0.668,3,1,0.823,0.406,0.024,2,10,0
0.472,2,1,0.824,0.717,0.614,1,7,0
0.417,3,2,0.453,0.729,0.383,1,3,0
0.677,1,1,0.003,0.63,0.554,0,6,0
0.382,1,3,0.97,0.111,0.175,2,5,0
0.717,2,1,0.261,0.451,0.611,1,8,0
0.279,2,2,0.945,0.368,0.275,0,6,1
0.121,3,1,0.974,0.647,0.439,2,6,0
0.867,1,2,0.149,0.401,0.3,1,8,1
0.611,1,2,0.827,0.719,0.305,1,10,1
0.742,1,2,0.288,0.946,0.569,1,10,0
0.488,1,2,0.727,0.6,0.697,1,6,0
0.468,1,1,0.618,0.029,0.683,0,6,0
0.716,2,2,0.974,0.086,0.328,0,9,0
0.742,3,1,0.095,0.423,0.418,2,3,1
0.938,2,3,0.967,0.908,0.698,1,3,1
0.554,2,2,0.132,0.303,0.276,0,15,1
0.261,1,2,0.132,0.504,0.651,1,8,0
0.49,2,1,0.499,0.117,0.031,1,7,0
0.934,2,2,0.517,0.903,0.184,0,9,0
0.384,2,3,0.637,0.764,0.106,1,10,1
0.234,1,1,0.706,0.183,0.329,0,9,1
0.906,2,3,0.561,0.041,0.25,1,10,0
0.861,1,2,0.181,0.124,0.066,1,5,0
0.84,3,3,0.998,0.891,0.41,0,3,1
0.614,2,2,0.677,0.92,0.172,0,8,1
0.713,3,1,0.837,0.122,0.261,2,5,1
0.514,3,2,0.594,0.66,0.318,1,3,0
0.139,3,3,1.0,0.951,0.227,0,5,1
0.144,3,3,0.071,0.283,0.559,0,9,1
0.33,1,1,0.021,0.965,0.606,0,6,1
0.802,2,1,0.121,0.647,0.668,1,10,0
0.762,2,2,0.666,0.904,0.422,0,8,1
0.541,2,2,0.09,0.476,0.394,0,9,0
0.652,2,3,0.342,0.631,0.065,1,10,0
0.683,3,3,0.647,0.155,0.347,0,4,1
0.494,2,3,0.903,0.3,0.689,1,6,0
0.366,1,3,0.108,0.551,0.642,2,9,0
0.518,3,2,0.586,0.568,0.177,1,15,1
0.766,2,2,0.045,0.18,0.128,0,9,0
0.368,3,2,0.624,0.724,0.53,1,7,0
0.926,1,3,0.259,0.211,0.055,2,4,0
0.116,2,2,0.46,0.117,0.12,0,9,0
0.969,3,3,0.361,0.726,0.212,0,9,0
0.179,1,1,0.696,0.014,0.078,0,6,0
0.288,3,3,0.858,0.145,0.169,0,15,1
0.371,2,1,0.166,0.148,0.295,1,5,0
0.501,2,3,0.243,0.471,0.602,1,7,0
0.85,1,3,0.432,0.334,0.072,2,9,0
0.763,3,1,0.487,0.731,0.699,2,10,0
0.752,3,1,0.714,0.905,0.607,2,15,1
0.619,3,2,0.889,0.064,0.625,1,4,0
0.945,2,1,0.288,0.448,0.305,1,6,0
0.494,3,2,0.922,0.22,0.636,1,10,1
0.364,3,3,0.653,0.39,0.292,0,8,0
0.82,1,3,0.086,0.622,0.198,2,10,1
0.28,3,2,0.304,0.492,0.555,1,6,0
0.999,2,1,0.175,0.881,0.25,1,15,1
0.157,2,3,0.224,0.114,0.159,1,7,0
0.806,1,1,0.853,0.77,0.39,0,15,1
0.194,1,2,0.963,0.927,0.306,1,4,0
0.803,3,3,0.042,0.782,0.663,0,4,1
0.206,1,2,0.708,0.911,0.11,1,15,0
0.883,1,1,0.123,0.647,0.234,0,6,1
0.474,1,2,0.287,0.245,0.566,1,5,1
0.435,2,1,0.753,0.361,0.465,1,15,0
0.305,2,2,0.952,0.413,0.287,0,15,0
0.426,1,3,0.806,0.443,0.539,2,4,1
0.383,1,1,0.66,0.434,0.275,0,5,0
0.152,3,3,0.973,0.98,0.559,0,9,1
0.713,3,2,0.909,0.874,0.505,1,3,0
0.91,3,2,0.644,0.92,0.49,1,15,0
0.656,2,3,0.405,0.697,0.621,1,6,0
0.176,3,3,0.88,0.334,0.508,0,15,0
0.356,1,2,0.757,0.512,0.219,1,5,1
0.901,3,2,0.727,0.593,0.169,1,15,1
0.154,2,1,0.048,0.26,0.355,1,4,0
0.615,1,3,0.989,0.453,0.688,2,15,0
0.31,2,3,0.573,0.285,0.549,1,5,0
0.568,1,1,0.823,0.105,0.362,0,8,1
0.232,2,1,0.425,0.828,0.057,1,5,0
0.502,2,3,0.519,0.677,0.282,1,9,0
0.626,3,2,0.732,0.423,0.308,1,9,0
0.23,1,3,0.513,0.485,0.32,2,15,0
0.291,2,3,0.369,0.033,0.11,1,4,0
0.468,1,3,0.153,0.37,0.203,2,8,0
0.437,2,1,0.784,0.486,0.554,1,9,1
0.905,2,2,0.002,0.216,0.573,0,15,1
0.883,2,2,0.9,0.481,0.217,0,9,1
0.748,3,3,0.461,0.133,0.097,0,10,0
0.234,3,3,0.624,0.325,0.56,0,9,1
0.456,3,2,0.736,0.046,0.469,1,4,0
0.736,3,2,0.561,0.63,0.54,1,4,0
0.177,3,3,0.522,0.542,0.53,0,10,0
0.117,3,1,0.275,0.936,0.126,2,6,0
0.735,3,3,0.32,0.444,0.565,0,3,0
0.94,2,3,0.317,0.437,0.29,1,7,1
0.982,3,2,0.768,0.168,0.101,1,5,1
0.467,1,1,0.027,0.059,0.673,0,3,0
0.189,1,2,0.942,0.413,0.227,1,4,1
0.316,3,3,0.385,0.586,0.345,0,4,1
0.387,3,2,0.634,0.407,0.339,1,3,0
0.967,3,3,0.785,0.102,0.534,0,7,1
0.501,3,1,0.373,0.5,0.548,2,5,0
0.584,2,1,0.001,0.961,0.389,1,10,0
0.659,3,2,0.273,0.972,0.0,1,7,0
0.442,2,3,0.281,0.842,0.149,1,5,0
0.607,2,1,0.725,0.09,0.489,1,7,0
0.29,3,3,0.945,0.957,0.223,0,7,0
0.737,2,2,0.211,0.246,0.688,0,8,1
0.723,3,1,0.901,0.922,0.426,2,5,0
0.906,3,1,0.787,0.489,0.275,2,4,0
0.903,3,2,0.827,0.445,0.086,1,8,1
0.855,3,2,0.936,0.984,0.087,1,10,1
0.769,2,1,0.09,0.681,0.496,1,7,0
0.299,2,2,0.905,0.967,0.026,0,6,1
0.986,3,3,0.5,0.396,0.609,0,5,0
0.694,3,1,0.065,0.672,0.422,2,5,0
0.215,3,3,0.782,0.855,0.617,0,6,0
0.121,3,3,0.56,0.678,0.43,0,10,1
0.484,3,2,0.433,0.943,0.036,1,9,1
0.712,2,1,0.884,0.496,0.362,1,6,1
0.927,3,1,0.335,0.449,0.004,2,3,0
0.303,3,1,0.197,0.424,0.052,2,8,0
0.663,1,1,0.593,0.028,0.302,0,8,0
0.322,2,1,0.822,0.238,0.239,1,15,0
0.949,3,3,0.446,0.62,0.535,0,4,1
0.155,1,3,0.065,0.377,0.623,2,5,0
0.822,1,1,0.102,0.301,0.438,0,3,0
0.365,2,2,0.233,0.402,0.432,0,3,0
0.518,2,2,0.651,0.88,0.433,0,3,1
0.395,1,3,0.068,0.108,0.009,2,6,0
0.213,3,3,0.621,0.256,0.295,0,5,1
0.817,1,3,0.96,0.128,0.409,2,8,0
0.897,1,2,0.291,0.147,0.216,1,3,0
0.692,1,3,0.859,0.057,0.355,2,9,0
0.979,3,2,0.189,0.909,0.55,1,10,0
0.984,3,3,0.963,0.692,0.596,0,7,1
0.246,2,2,0.219,0.876,0.637,0,3,0
0.724,2,3,0.768,0.624,0.167,1,8,0
0.438,2,2,0.01,0.184,0.693,0,8,1
0.204,2,2,0.044,0.44,0.442,0,3,0
0.356,1,2,0.848,0.885,0.503,1,6,1
0.119,2,3,0.137,0.911,0.015,1,4,0
0.289,2,3,0.171,0.24,0.567,1,15,0
0.998,2,1,0.883,0.878,0.046,1,5,0
0.273,2,2,0.977,0.694,0.223,0,6,0
0.787,3,1,0.328,0.189,0.375,2,3,0
0.352,1,2,0.209,0.852,0.678,1,4,0
0.812,3,3,0.751,0.065,0.356,0,8,1
0.518,2,2,0.716,0.712,0.368,0,10,1
0.623,3,1,0.207,0.921,0.409,2,6,0
0.311,1,3,0.157,0.306,0.622,2,8,0
0.176,1,1,0.584,0.295,0.363,0,10,0
0.403,2,2,0.317,0.468,0.286,0,9,1
0.498,2,1,0.295,0.645,0.251,1,15,0
0.679,2,1,0.36,0.927,0.069,1,15,1
0.277,2,3,0.845,0.25,0.522,1,6,0
0.998,3,1,0.77,0.74,0.639,2,7,0
0.805,2,3,0.012,0.946,0.575,1,15,0
0.956,2,1,0.474,0.228,0.506,1,15,0
0.597,2,1,0.313,0.723,0.323,1,6,0
0.948,2,3,0.03,0.21,0.315,1,5,0
0.216,3,2,0.34,0.01,0.567,1,9,0
0.777,3,1,0.568,0.538,0.228,2,3,0
0.238,2,3,0.574,0.568,0.559,1,9,0
0.284,2,2,0.109,0.064,0.271,0,10,0
0.374,1,1,0.826,0.104,0.387,0,10,1
0.279,2,3,0.524,0.284,0.163,1,10,1
0.567,1,2,0.157,0.327,0.637,1,4,0
0.477,3,1,0.13,0.069,0.669,2,6,0
0.836,3,2,0.587,0.475,0.423,1,15,0
0.513,1,1,0.825,0.007,0.1,0,6,0
0.919,2,3,0.091,0.46,0.403,1,10,0
0.858,2,1,0.415,0.391,0.576,1,5,0
0.76,2,3,0.569,0.385,0.461,1,9,0
0.139,1,2,0.667,0.274,0.44,1,4,0
0.75,1,3,0.121,0.909,0.288,2,8,1
0.195,2,1,0.506,0.41,0.115,1,10,1
0.675,3,3,0.399,0.75,0.267,0,6,1
0.11,1,3,0.749,0.709,0.096,2,10,0
0.174,3,1,0.471,0.242,0.665,2,7,0
0.254,1,1,0.535,0.607,0.124,0,9,1
0.704,1,2,0.178,0.677,0.107,1,3,0
0.579,2,3,0.641,0.697,0.586,1,4,0
0.377,1,2,0.767,0.598,0.034,1,6,1
0.315,1,1,0.337,0.016,0.02,0,6,0
0.157,1,1,0.724,0.797,0.581,0,3,0
0.197,2,3,0.207,0.323,0.439,1,15,0
0.485,1,1,0.015,0.214,0.25,0,8,1
0.291,1,3,0.624,0.066,0.571,2,3,0
0.297,2,1,0.713,0.768,0.35,1,5,1
0.185,2,3,0.925,0.981,0.487,1,5,0
0.672,3,2,0.068,0.318,0.596,1,3,0
0.627,2,3,0.587,0.511,0.519,1,3,1
0.655,1,1,0.62,0.309,0.517,0,3,1
0.549,1,1,0.238,0.152,0.143,0,10,0
0.396,2,1,0.521,0.318,0.551,1,9,0
0.36,1,2,0.242,0.229,0.513,1,15,1
0.926,1,1,0.608,0.801,0.487,0,9,1
0.265,3,1,0.954,0.006,0.609,2,3,0
0.227,1,3,0.831,0.126,0.122,2,6,0
0.17,3,1,0.245,0.467,0.115,2,5,0
0.373,3,2,0.862,0.448,0.445,1,10,1
0.975,2,2,0.505,0.378,0.329,0,9,0
0.838,2,1,0.759,0.02,0.267,1,7,0
0.238,3,2,0.454,0.176,0.266,1,9,0
0.533,2,1,0.916,0.137,0.328,1,3,1
0.551,3,2,0.94,0.374,0.283,1,8,0
0.377,3,1,0.385,0.071,0.619,2,5,0
0.493,2,2,0.51,0.771,0.526,0,10,0
0.431,1,3,0.247,0.651,0.649,2,10,1
0.832,3,3,0.645,0.707,0.02,0,7,1
0.95,1,3,0.842,0.254,0.422,2,3,1
0.183,3,3,0.974,0.917,0.278,0,4,1
0.27,2,3,0.302,0.166,0.299,1,15,0
0.445,2,3,0.869,0.734,0.527,1,4,0
0.799,2,1,0.93,0.814,0.188,1,9,0
0.106,1,1,0.774,0.816,0.001,0,9,1
0.689,3,1,0.704,0.431,0.123,2,6,0
0.552,1,1,0.201,0.451,0.57,0,5,0
0.273,2,1,0.868,0.441,0.639,1,5,1
0.177,1,3,0.235,0.277,0.24,2,10,0
0.191,1,3,0.582,0.266,0.669,2,3,0
0.57,1,2,0.932,0.376,0.364,1,10,0
0.644,2,2,0.817,0.371,0.623,0,8,0
0.441,1,1,0.003,0.975,0.611,0,9,0
0.899,1,3,0.279,0.026,0.086,2,6,0
0.657,3,3,0.188,0.87,0.36,0,8,1
0.424,1,3,0.444,0.97,0.515,2,10,0
0.651,1,2,0.987,0.348,0.657,1,4,0
0.364,1,3,0.785,0.712,0.609,2,15,1
0.548,1,3,0.987,0.301,0.471,2,10,1
0.502,1,1,0.212,0.482,0.378,0,4,1
0.994,1,2,0.766,0.16,0.65,1,6,0
0.699,3,3,0.634,0.123,0.095,0,10,1
0.723,1,3,0.065,0.932,0.536,2,8,0
0.746,3,3,0.966,0.725,0.458,0,9,0
0.301,1,2,0.741,0.291,0.078,1,6,0
0.204,2,2,0.577,0.127,0.219,0,3,0
0.631,1,2,0.771,0.847,0.686,1,5,0
0.641,1,2,0.316,0.107,0.006,1,7,0
0.55,2,3,0.665,0.147,0.198,1,3,0
0.378,3,3,0.574,0.123,0.698,0,6,0
0.734,2,1,0.828,0.059,0.567,1,6,0
0.941,1,1,0.857,0.7,0.037,0,9,1
0.834,1,2,0.422,0.991,0.384,1,10,0
0.782,2,2,0.696,0.072,0.509,0,6,0
0.593,1,3,0.866,0.131,0.527,2,3,0
0.739,2,2,0.696,0.655,0.404,0,7,0
0.289,3,2,0.726,0.196,0.456,1,4,0
0.99,1,3,0.842,0.377,0.688,2,3,1
0.977,1,3,0.65,0.945,0.082,2,9,0
0.664,2,2,0.489,0.245,0.083,0,5,0
0.438,3,1,0.778,0.991,0.47,2,9,0
0.688,2,1,0.489,0.012,0.082,1,15,1
0.628,3,1,0.794,0.479,0.486,2,5,0
1.0,3,1,0.325,0.434,0.4,2,15,1
0.832,1,3,0.489,0.394,0.572,2,15,0
0.585,3,3,0.898,0.124,0.527,0,5,0
0.726,1,1,0.039,0.555,0.56,0,6,0
0.179,2,1,0.506,0.851,0.025,1,8,0
0.254,3,3,0.905,0.0,0.21,0,7,0
0.5,3,2,0.606,0.49,0.219,1,15,1
0.189,1,2,0.856,0.237,0.132,1,6,0
0.642,1,3,0.622,0.592,0.194,2,4,0
0.335,3,1,0.945,0.904,0.28,2,9,0
0.229,1,3,0.697,0.071,0.513,2,6,0
0.607,3,2,0.822,0.821,0.423,1,8,0
0.49,1,2,0.125,0.964,0.173,1,4,0
0.466,2,2,0.778,0.64,0.254,0,5,0
0.303,1,1,0.379,0.098,0.686,0,4,0
0.211,3,2,0.096,0.728,0.215,1,8,0
0.879,3,1,0.171,0.271,0.069,2,9,1
0.825,3,3,0.882,0.968,0.372,0,9,1
0.215,1,3,0.126,0.687,0.499,2,9,0
0.341,3,1,0.678,0.639,0.259,2,9,0
0.265,2,2,0.953,0.798,0.352,0,15,0
0.893,1,2,0.407,0.305,0.601,1,8,0
0.671,1,1,0.575,0.73,0.661,0,4,0
0.599,2,2,0.677,0.808,0.007,0,5,1
0.564,3,2,0.014,0.888,0.489,1,6,0
0.771,3,2,0.244,0.425,0.374,1,15,0
0.138,2,3,0.904,0.965,0.472,1,5,1
0.855,3,2,0.379,0.353,0.036,1,8,0
0.404,3,1,0.29,0.25,0.377,2,10,0
0.292,3,2,0.929,0.631,0.276,1,15,0
0.132,2,1,0.356,0.892,0.594,1,10,0
0.419,1,2,0.355,0.35,0.506,1,4,0
0.278,3,1,0.913,0.514,0.108,2,3,0
0.691,1,2,0.428,0.471,0.262,1,5,0
0.343,2,1,0.354,0.656,0.308,1,9,1
0.895,3,1,0.134,0.198,0.133,2,9,0
0.911,1,3,0.983,0.666,0.664,2,4,0
0.595,3,2,0.502,0.714,0.227,1,9,1
0.962,1,1,0.767,0.126,0.241,0,6,1
0.847,2,2,0.48,0.976,0.516,0,7,1
0.785,1,1,0.249,0.618,0.51,0,4,0
0.995,1,2,0.706,0.666,0.3,1,4,0
0.552,1,3,0.634,0.189,0.598,2,6,0
0.461,2,2,0.018,0.99,0.65,0,6,1
0.146,2,1,0.222,0.525,0.49,1,9,0
0.559,3,2,0.281,0.052,0.077,1,8,0
0.322,1,3,0.745,0.182,0.0,2,6,0
0.352,3,2,0.364,0.101,0.129,1,7,1
0.702,3,2,0.361,0.552,0.603,1,8,0
0.63,3,1,0.584,0.372,0.455,2,4,0
0.217,3,3,0.817,0.602,0.029,0,6,0
0.933,1,2,0.725,0.942,0.433,1,6,1
0.238,1,2,0.892,0.192,0.385,1,15,0
0.905,2,2,0.068,0.63,0.082,0,9,1
0.957,1,1,0.29,0.167,0.192,0,3,0
0.724,3,3,0.87,0.815,0.347,0,4,1
0.776,2,3,0.271,0.562,0.273,1,5,1
0.615,3,3,0.455,0.697,0.615,0,15,1
0.867,2,1,0.224,0.708,0.387,1,15,1
0.135,1,1,0.27,0.942,0.194,0,3,0
0.324,1,2,0.633,0.535,0.001,1,8,1
0.952,3,3,0.295,0.264,0.094,0,3,0
0.109,2,1,0.256,0.219,0.676,1,3,0
0.981,3,2,0.946,0.106,0.522,1,7,0
0.671,3,2,0.269,0.206,0.31,1,9,1
0.309,3,2,0.094,0.434,0.104,1,5,0
0.834,1,3,0.18,0.189,0.343,2,7,1
0.247,1,1,0.069,0.817,0.481,0,4,0
0.51,3,3,0.137,0.97,0.07,0,3,0
0.44,1,3,0.935,0.11,0.009,2,5,0
0.175,1,1,0.958,0.939,0.42,0,4,0
0.836,3,3,0.892,0.085,0.097,0,5,1
0.531,1,3,0.544,0.056,0.484,2,3,0
0.193,2,2,0.142,0.103,0.621,0,6,1
0.484,1,3,0.385,0.353,0.201,2,4,0
0.992,1,2,0.076,0.102,0.669,1,8,1
0.931,1,1,0.429,0.896,0.423,0,8,1
0.711,1,3,0.818,0.893,0.481,2,8,0
0.344,2,3,0.799,0.662,0.653,1,3,0
0.98,3,2,0.721,0.147,0.103,1,10,0
0.202,2,1,0.323,0.96,0.195,1,5,1
0.447,2,2,0.602,0.494,0.337,0,8,1
0.95,1,3,0.534,0.383,0.385,2,15,0
0.307,1,3,0.777,0.581,0.295,2,6,0
0.312,1,2,0.558,0.203,0.595,1,5,0
0.154,2,1,0.295,0.361,0.595,1,5,0
0.596,2,1,0.747,0.242,0.579,1,4,0
0.734,2,2,0.372,0.733,0.487,0,4,0
0.166,3,2,0.141,0.87,0.021,1,6,1
0.612,2,3,0.14,0.15,0.128,1,15,0
0.37,2,3,0.695,0.723,0.311,1,7,1
0.154,3,3,0.16,0.032,0.526,0,9,0
0.712,2,3,0.502,0.554,0.581,1,6,0
0.241,1,1,0.743,0.522,0.685,0,9,0
0.297,1,3,0.842,0.823,0.683,2,10,0
0.687,2,2,0.647,0.827,0.115,0,6,1
0.194,2,1,0.24,0.603,0.593,1,5,0
0.159,3,1,0.552,0.011,0.637,2,3,0
0.177,3,2,0.046,0.565,0.395,1,8,1
0.378,2,3,0.195,0.752,0.671,1,9,0
0.976,3,3,0.504,0.675,0.232,0,15,0
0.235,3,1,0.29,0.796,0.334,2,5,0
0.171,3,1,0.807,0.093,0.503,2,5,0
0.245,3,3,0.523,0.516,0.51,0,8,0
0.218,2,2,0.04,0.36,0.599,0,9,0
0.997,3,3,0.994,0.075,0.107,0,4,0
0.228,2,1,0.499,0.547,0.678,1,10,0
0.941,1,2,0.089,0.068,0.404,1,5,0
0.515,2,2,0.65,0.978,0.534,0,5,0
0.975,2,2,0.409,0.04,0.601,0,5,0
0.561,3,3,0.413,0.952,0.262,0,10,1
0.888,3,1,0.741,0.043,0.684,2,6,0
0.605,1,1,0.57,0.853,0.203,0,4,1
0.887,3,3,0.535,0.094,0.326,0,10,1
0.262,1,2,0.199,0.917,0.646,1,8,1
0.408,3,2,0.114,0.486,0.492,1,10,1
0.24,2,3,0.031,0.146,0.149,1,9,1
0.828,2,1,0.868,0.979,0.149,1,9,1
0.672,1,1,0.298,0.142,0.192,0,10,0
0.572,3,1,0.092,0.893,0.129,2,9,0
0.778,1,2,0.475,0.199,0.659,1,5,0
0.493,3,3,0.783,0.57,0.576,0,6,1
0.701,3,3,0.743,0.145,0.465,0,8,1
0.907,1,3,0.406,0.499,0.221,2,15,0
0.989,1,3,0.097,0.634,0.447,2,6,0
0.269,3,2,0.216,0.546,0.116,1,6,0
0.975,3,2,0.016,0.955,0.259,1,7,0
0.881,3,2,0.41,0.499,0.699,1,8,0
0.483,2,2,0.373,0.113,0.123,0,15,0
0.588,2,3,0.437,0.285,0.462,1,7,0
0.944,1,1,0.09,0.995,0.564,0,3,0
0.47,2,3,0.1,0.75,0.437,1,10,0
0.825,3,1,0.777,0.29,0.294,2,15,0
0.276,2,2,0.413,0.951,0.245,0,9,1
0.437,1,3,0.264,0.508,0.187,2,9,0
0.104,2,2,0.841,0.033,0.018,0,15,0
0.64,2,2,0.242,0.17,0.401,0,9,1
0.68,1,1,0.939,0.801,0.404,0,9,0
0.256,2,1,0.71,0.517,0.306,1,5,0
0.668,2,2,0.837,0.843,0.439,0,5,0
0.283,1,3,0.153,0.026,0.008,2,15,0
0.171,2,2,0.634,0.025,0.514,0,8,1
0.687,1,1,0.726,0.297,0.375,0,9,0
0.693,2,1,0.638,0.083,0.101,1,4,1
0.934,1,1,0.093,0.107,0.198,0,10,0
0.921,1,1,0.414,0.391,0.344,0,10,0
0.169,3,3,0.908,0.42,0.623,0,5,1
0.109,1,1,0.117,0.66,0.442,0,8,0
0.536,3,3,0.742,0.6,0.004,0,4,1
0.127,1,1,0.867,0.518,0.533,0,4,0
0.127,1,1,0.268,0.22,0.509,0,10,0
0.183,3,3,0.809,0.551,0.206,0,9,0
0.46,1,3,0.281,0.25,0.139,2,9,0
0.814,3,3,0.488,0.312,0.556,0,10,1
0.772,2,2,0.2,0.623,0.425,0,8,1
0.669,1,3,0.253,0.449,0.623,2,9,0
0.844,3,2,0.03,0.95,0.371,1,5,0
0.486,1,3,0.372,0.358,0.051,2,5,0
0.21,2,1,0.465,0.688,0.502,1,8,0
0.605,2,1,0.103,0.284,0.149,1,7,0
0.952,3,2,0.682,0.075,0.625,1,9,0
0.388,1,1,0.99,0.05,0.346,0,9,1
0.508,3,3,0.021,0.327,0.268,0,3,0
0.87,1,2,0.037,0.912,0.199,1,15,0
0.135,3,2,0.723,0.016,0.329,1,7,0
0.411,1,3,0.047,0.556,0.219,2,7,0
0.509,3,2,0.938,0.967,0.085,1,4,1
0.143,1,3,0.724,0.139,0.695,2,6,0
0.272,2,1,0.934,0.816,0.376,1,3,1
0.806,1,2,0.329,0.048,0.213,1,9,1
0.253,1,2,0.862,0.583,0.084,1,9,0
0.701,3,3,0.49,0.528,0.405,0,7,1
0.758,1,3,0.083,0.092,0.536,2,15,0
0.318,3,1,0.075,0.735,0.144,2,10,1
0.112,1,2,0.105,0.468,0.27,1,6,0
0.785,3,2,0.709,0.858,0.532,1,5,0
0.195,1,2,0.868,0.219,0.255,1,15,1
0.46,1,2,0.951,0.278,0.115,1,4,1
0.889,3,2,0.187,0.11,0.012,1,3,0
0.578,2,1,0.354,0.266,0.649,1,6,0
0.552,3,2,0.098,0.334,0.309,1,9,0
0.48,2,2,0.53,0.189,0.124,0,10,0
0.198,1,1,0.115,0.646,0.671,0,3,0
0.315,3,3,0.7,0.101,0.159,0,9,1
0.191,3,2,0.206,0.824,0.484,1,6,0
0.359,3,1,0.503,0.288,0.002,2,10,0
0.867,3,1,0.167,0.239,0.221,2,8,0
0.228,1,1,0.178,0.666,0.3,0,7,0
0.254,1,3,0.001,0.594,0.679,2,6,0
0.141,1,1,0.525,0.567,0.693,0,5,0
0.798,1,2,0.491,0.305,0.515,1,8,0
0.332,2,2,0.301,0.254,0.321,0,8,0
0.797,3,3,0.728,0.484,0.189,0,3,1
0.469,1,2,0.031,0.659,0.099,1,9,0
0.77,1,1,0.965,0.921,0.264,0,15,0
0.504,3,2,0.888,0.175,0.637,1,9,0
0.951,2,3,0.702,0.309,0.029,1,4,1
0.51,2,2,0.927,0.288,0.679,0,5,0
0.235,2,2,0.487,0.624,0.465,0,4,0
0.114,1,1,0.053,0.217,0.578,0,7,1
0.417,1,2,0.785,0.05,0.096,1,15,0
0.792,1,1,0.996,0.954,0.499,0,6,1
0.926,2,2,0.249,0.219,0.331,0,9,1
0.97,1,3,0.311,0.893,0.644,2,9,0
0.39,3,2,0.136,0.139,0.537,1,15,0
0.374,2,3,0.183,0.567,0.44,1,9,1
0.574,3,3,0.358,0.313,0.654,0,8,0
0.478,2,1,0.957,0.461,0.639,1,9,1
0.227,2,2,0.127,0.787,0.406,0,15,0
0.89,1,2,0.67,0.755,0.275,1,10,0
0.887,2,2,0.83,0.839,0.059,0,4,1
0.188,2,1,0.121,0.565,0.483,1,15,0
0.148,1,2,0.136,0.516,0.393,1,5,0
0.38,1,1,0.115,0.806,0.437,0,3,1
0.892,3,2,0.025,0.097,0.143,1,15,0
0.15,1,1,0.82,0.3,0.339,0,15,1
0.651,2,2,0.146,0.859,0.432,0,3,1
0.837,3,3,0.547,0.241,0.358,0,10,1
0.361,1,3,0.275,0.959,0.345,2,9,0
0.197,2,2,0.457,0.813,0.104,0,9,1
0.372,3,2,0.043,0.65,0.46,1,8,0
0.521,3,1,0.358,0.458,0.006,2,15,0
0.912,3,3,0.151,0.391,0.044,0,8,1
0.873,1,2,0.923,0.278,0.534,1,4,0
0.681,2,1,0.576,0.963,0.424,1,15,0
0.573,1,3,0.348,0.698,0.412,2,9,1
0.127,3,1,0.499,0.159,0.068,2,10,0
0.308,3,1,0.728,0.796,0.074,2,9,0
0.478,1,1,0.847,0.062,0.175,0,4,1
0.437,3,2,0.108,0.841,0.646,1,10,0
0.99,3,2,0.438,0.556,0.137,1,7,1
0.768,2,1,0.086,0.814,0.566,1,3,0
0.702,1,1,0.36,0.033,0.098,0,9,0
0.878,2,3,0.642,0.185,0.511,1,10,1
0.287,2,3,0.853,0.501,0.25,1,4,0
0.663,1,3,0.298,0.569,0.089,2,4,0
0.146,3,2,0.922,0.331,0.157,1,7,0
0.422,1,3,0.241,0.968,0.052,2,15,0
0.55,2,1,0.583,0.619,0.382,1,7,0
0.129,2,1,0.139,0.261,0.234,1,15,0
0.397,3,2,0.073,0.912,0.044,1,3,0
0.164,2,1,0.888,0.598,0.429,1,10,0
0.343,1,1,0.65,0.104,0.348,0,9,0
0.803,1,1,0.534,0.021,0.039,0,9,0
0.764,3,2,0.695,0.482,0.271,1,9,0
0.595,1,2,0.352,0.438,0.628,1,8,0
0.152,1,2,0.747,0.092,0.007,1,15,0
0.992,1,1,0.077,0.873,0.175,0,5,1
0.354,2,1,0.998,0.35,0.459,1,5,0
0.531,1,3,0.206,0.657,0.053,2,8,0
0.873,2,3,0.293,0.713,0.659,1,6,0
0.341,3,2,0.9,0.541,0.073,1,10,1
0.283,1,2,0.742,0.841,0.365,1,6,1
0.752,1,2,0.65,0.036,0.165,1,10,0
0.119,1,2,0.827,0.27,0.412,1,4,1
0.869,2,2,0.444,0.495,0.604,0,6,1
0.266,2,1,0.542,0.532,0.462,1,8,0
0.919,2,3,0.217,0.923,0.635,1,3,0
0.846,2,3,0.752,0.866,0.548,1,4,0
0.957,3,3,0.464,0.287,0.694,0,15,1
0.964,2,1,0.908,0.746,0.647,1,7,0
0.956,1,2,0.338,0.999,0.54,1,9,1
0.347,2,3,0.012,0.659,0.548,1,7,0
0.389,2,1,0.44,0.848,0.311,1,10,1
0.423,3,1,0.58,0.844,0.152,2,4,0
0.649,2,2,0.766,0.953,0.308,0,7,1
0.545,1,3,0.656,0.63,0.103,2,6,1
0.135,3,2,0.042,0.507,0.308,1,6,1
0.743,2,2,0.54,0.975,0.011,0,3,1
0.415,1,1,0.237,0.507,0.079,0,8,0
0.846,3,2,0.143,0.416,0.449,1,8,0
0.424,2,2,0.622,0.897,0.262,0,5,1
0.362,1,3,0.211,0.912,0.018,2,8,0
0.803,3,1,0.379,0.783,0.499,2,3,0
0.235,3,1,0.565,0.078,0.054,2,15,0
0.585,1,1,0.607,0.848,0.369,0,15,1
0.385,1,1,0.329,0.836,0.205,0,8,1
0.383,1,2,0.362,0.693,0.312,1,8,0
0.169,2,2,0.786,0.653,0.424,0,6,0
0.844,1,2,0.674,0.926,0.171,1,5,0
0.816,2,2,0.505,0.314,0.057,0,5,1
0.669,1,1,0.167,0.9,0.613,0,9,1
0.599,2,1,0.834,0.743,0.088,1,3,0
0.991,1,2,0.904,0.515,0.371,1,8,1
0.727,1,2,0.591,0.712,0.083,1,4,0
0.141,3,2,0.631,0.921,0.665,1,9,0
0.529,1,3,0.916,0.733,0.507,2,15,1
0.906,3,2,0.379,0.593,0.472,1,10,1
0.75,2,2,0.493,0.945,0.068,0,3,1
0.908,3,2,0.323,0.508,0.65,1,8,0
0.958,1,3,0.211,0.814,0.514,2,15,0
0.892,2,1,0.288,0.099,0.199,1,10,0
0.897,2,3,0.753,0.939,0.182,1,6,0
0.227,1,1,0.027,0.552,0.356,0,3,0
0.586,1,1,0.37,0.007,0.583,0,7,0
0.614,3,2,0.295,0.445,0.088,1,4,0
0.927,1,2,0.087,0.444,0.303,1,5,0
0.758,1,3,0.793,0.968,0.563,2,4,0
0.556,2,3,0.777,0.453,0.515,1,8,0
0.135,1,2,0.19,0.932,0.556,1,15,0
0.89,1,1,0.137,0.949,0.439,0,9,0
0.298,1,1,0.734,0.265,0.106,0,7,1
0.671,1,3,0.214,0.951,0.6,2,9,1
0.602,1,3,0.263,0.71,0.027,2,9,0
0.311,2,1,0.878,0.484,0.46,1,6,0
0.701,2,2,0.543,0.797,0.275,0,7,1
0.201,2,1,0.662,0.42,0.313,1,4,0
0.961,3,3,0.128,0.114,0.488,0,10,0
0.878,3,2,0.268,0.412,0.164,1,6,0
0.805,1,3,0.318,0.562,0.226,2,9,0
0.483,2,3,0.219,0.912,0.188,1,3,0
0.469,3,3,0.11,0.876,0.375,0,8,1
0.586,3,3,0.333,0.021,0.265,0,8,0
0.598,3,3,0.198,0.049,0.147,0,5,0
0.456,3,2,0.332,0.229,0.561,1,6,0
0.324,1,3,0.103,0.036,0.014,2,9,0
0.138,2,3,0.247,0.301,0.161,1,7,0
0.832,2,3,0.877,0.655,0.092,1,4,1
0.554,3,1,0.743,0.762,0.291,2,15,0
0.237,3,3,0.859,0.588,0.274,0,8,1
0.769,2,2,0.969,0.274,0.142,0,10,1
0.487,1,2,0.284,0.967,0.393,1,15,0
0.444,2,3,0.715,0.728,0.666,1,10,1
0.978,2,2,0.563,0.771,0.313,0,7,1
0.829,1,2,0.593,0.095,0.118,1,4,1
0.655,2,1,0.059,0.523,0.588,1,10,0
0.38,2,3,0.565,0.834,0.026,1,9,0
0.341,1,3,0.5,0.755,0.556,2,6,0
0.738,3,3,0.081,0.555,0.518,0,4,0
0.17,1,3,0.121,0.757,0.113,2,6,0
0.975,1,3,0.803,0.886,0.347,2,10,1
0.887,2,2,0.996,0.399,0.208,0,7,1
0.654,2,2,0.523,0.564,0.116,0,6,0
0.957,2,2,0.211,0.519,0.176,0,8,0
0.748,1,2,0.01,0.164,0.501,1,9,0
0.523,1,3,0.094,0.312,0.131,2,10,0
0.155,2,3,0.559,0.594,0.047,1,6,0
0.113,1,2,0.584,0.275,0.575,1,7,0
0.79,2,1,0.077,0.561,0.449,1,5,1
0.295,1,3,0.587,0.263,0.072,2,9,0
0.795,3,3,0.871,0.605,0.677,0,10,1
0.102,1,3,0.146,0.989,0.064,2,5,0
0.1,1,3,0.807,0.896,0.037,2,9,0
0.394,3,2,0.377,0.76,0.169,1,9,0
0.419,3,3,0.842,0.317,0.055,0,5,0
0.85,3,2,0.49,0.143,0.306,1,7,0
0.602,2,2,0.855,0.652,0.125,0,8,0
0.292,3,1,0.382,0.876,0.644,2,5,0
0.996,1,1,0.586,0.442,0.368,0,8,1
0.432,2,2,0.034,0.503,0.009,0,7,0
0.458,3,1,0.971,0.704,0.192,2,3,0
0.935,3,2,0.75,0.632,0.343,1,15,0
0.134,1,3,0.736,0.613,0.499,2,5,0
0.851,1,1,0.314,0.056,0.446,0,15,1
0.867,3,3,0.848,0.614,0.012,0,8,0
0.252,3,1,0.941,0.722,0.256,2,9,0
0.701,1,3,0.148,0.065,0.578,2,7,0
0.499,2,2,0.173,0.609,0.482,0,3,0
0.605,1,3,0.086,0.341,0.398,2,10,0
0.926,1,3,0.627,0.73,0.13,2,3,0
0.81,1,3,0.943,0.638,0.322,2,7,0
0.678,1,2,0.053,0.747,0.517,1,7,1
0.226,2,2,0.884,0.414,0.585,0,5,0
0.333,2,3,0.364,0.265,0.343,1,15,0
0.668,1,2,0.156,0.037,0.584,1,6,0
0.49,3,1,0.342,0.811,0.557,2,15,0
0.769,2,2,0.218,0.091,0.541,0,7,1
0.204,3,2,0.587,0.631,0.333,1,8,0
0.692,1,2,0.869,0.322,0.073,1,3,1
0.528,2,2,0.306,0.648,0.07,0,10,1
0.777,2,3,0.694,0.809,0.32,1,9,1
0.319,3,3,0.401,0.373,0.237,0,3,0
0.89,3,2,0.954,0.108,0.298,1,9,0
0.248,1,3,0.943,0.922,0.621,2,6,0
0.611,1,1,0.97,0.13,0.233,0,7,0
0.227,2,1,0.659,0.459,0.116,1,6,0
0.371,1,2,0.09,0.185,0.6,1,6,0
0.6,2,1,0.471,0.005,0.112,1,9,0
0.922,3,1,0.763,0.376,0.324,2,4,0
0.387,1,2,0.82,0.4,0.229,1,9,0
0.581,2,3,0.027,0.488,0.518,1,5,0
0.432,2,3,0.752,0.501,0.001,1,4,0
0.224,1,1,0.34,0.044,0.211,0,5,0
0.356,2,2,0.959,0.675,0.336,0,9,1
0.458,3,1,0.346,0.834,0.325,2,4,0
0.464,1,3,0.384,0.161,0.09,2,10,1
0.688,3,2,0.425,0.402,0.54,1,4,0
0.822,2,3,0.335,0.502,0.547,1,15,0
0.201,1,2,0.87,0.981,0.372,1,4,1
0.403,3,3,0.728,0.59,0.138,0,10,1
0.518,1,2,0.05,0.122,0.343,1,8,0
0.404,2,2,0.179,0.767,0.016,0,8,1
0.502,2,2,0.732,0.636,0.417,0,15,0
0.324,1,1,0.633,0.535,0.088,0,9,0
0.411,2,3,0.82,0.689,0.171,1,10,1
0.394,1,3,0.812,0.147,0.684,2,4,0
0.982,1,2,0.423,0.338,0.446,1,3,1
0.772,3,2,0.965,0.653,0.618,1,6,0
0.995,3,1,0.694,0.514,0.598,2,3,0
0.526,2,1,0.277,0.275,0.482,1,3,0
0.919,3,1,0.019,0.285,0.004,2,9,0
0.347,2,2,0.097,0.599,0.683,0,6,1
0.392,1,3,0.827,0.611,0.51,2,9,0
0.396,2,2,0.341,0.476,0.39,0,8,0
0.237,3,1,0.673,0.499,0.373,2,7,0
0.695,3,3,0.985,0.968,0.442,0,4,1
0.986,2,2,0.675,0.304,0.526,0,3,1
0.626,3,1,0.751,0.352,0.302,2,7,0
0.542,1,2,0.607,0.375,0.376,1,4,1
0.296,1,1,0.767,0.571,0.125,0,9,1
0.417,1,2,0.77,0.418,0.419,1,4,0
0.718,3,3,0.533,0.762,0.222,0,6,0
0.545,2,1,0.924,0.286,0.647,1,5,0
0.103,2,3,0.907,0.763,0.459,1,9,0
0.476,2,3,0.224,0.41,0.445,1,15,0
0.64,3,3,0.25,0.409,0.016,0,10,0
0.957,1,3,0.389,0.743,0.618,2,15,0
0.865,1,1,0.175,0.458,0.506,0,6,1
0.364,1,1,0.684,0.207,0.323,0,10,0
0.817,2,3,0.838,0.5,0.078,1,5,1
0.75,1,3,0.406,0.007,0.023,2,15,0
0.876,1,3,0.537,0.783,0.67,2,15,0
0.495,3,3,0.769,0.06,0.568,0,8,0
0.935,3,1,0.104,0.65,0.3,2,7,0
0.622,1,3,0.34,0.722,0.257,2,6,0
0.289,1,2,0.899,0.33,0.486,1,10,0
0.781,2,2,0.7,0.295,0.311,0,7,1
0.785,1,2,0.564,0.522,0.018,1,7,1
0.744,3,2,0.673,0.634,0.333,1,5,0
0.726,1,2,0.637,0.607,0.601,1,3,0
0.625,1,3,0.509,0.584,0.182,2,15,0
0.657,1,3,0.853,0.972,0.451,2,8,0
0.44,2,2,0.175,0.648,0.61,0,9,1
0.952,2,1,0.278,0.225,0.145,1,4,0
0.421,2,1,0.84,0.569,0.447,1,15,0
0.767,2,1,0.952,0.664,0.279,1,15,1
0.598,3,1,0.97,0.847,0.376,2,3,0
0.571,1,3,0.936,0.256,0.518,2,6,0
0.746,1,3,0.277,0.04,0.426,2,6,0
0.926,1,1,0.244,0.523,0.043,0,10,1
0.583,1,1,0.478,0.319,0.444,0,10,1
0.278,3,2,0.569,0.589,0.419,1,9,0
0.2,2,3,0.614,0.777,0.136,1,10,0
0.327,2,1,0.329,0.601,0.345,1,10,0
0.956,2,2,0.275,0.264,0.373,0,15,1
0.663,1,2,0.007,0.977,0.662,1,15,0
0.247,1,1,0.925,0.76,0.471,0,10,1
0.718,1,1,0.213,0.194,0.076,0,15,1
0.79,2,3,0.21,0.103,0.21,1,5,0
0.273,2,3,0.663,0.786,0.597,1,8,0
0.983,3,3,0.269,0.595,0.292,0,7,1
0.871,2,3,0.354,0.371,0.214,1,8,0
0.483,2,2,0.055,0.763,0.004,0,9,1
0.825,2,3,0.202,0.767,0.014,1,7,1
0.436,2,3,0.56,0.427,0.268,1,6,0
0.656,2,1,0.16,0.856,0.075,1,10,0
0.634,1,3,0.487,0.781,0.273,2,7,0
0.628,1,2,0.538,0.101,0.448,1,10,0
0.2,1,3,0.414,0.881,0.052,2,5,0
0.631,3,1,0.328,0.2,0.062,2,15,0
0.335,3,1,0.772,0.817,0.483,2,4,0
0.729,3,2,0.747,0.314,0.597,1,6,1
0.521,2,3,0.259,0.362,0.139,1,3,1
0.678,2,1,0.832,0.396,0.34,1,3,0
0.561,1,3,0.873,0.566,0.697,2,8,0
0.543,3,1,0.565,0.334,0.047,2,15,0
0.579,3,2,0.61,0.846,0.061,1,6,0
0.79,2,3,0.152,0.818,0.326,1,8,1
0.683,2,3,0.82,0.454,0.547,1,9,0
0.461,2,1,0.009,0.006,0.58,1,8,0
0.333,1,3,0.458,0.584,0.537,2,6,0
0.617,2,3,0.153,0.893,0.5,1,5,1
0.263,1,1,0.779,0.533,0.661,0,15,1
0.162,2,1,0.303,0.928,0.461,1,9,0
0.31,1,2,0.123,0.772,0.019,1,9,1
0.881,3,2,0.399,0.209,0.034,1,6,0
0.631,1,3,0.725,0.093,0.123,2,4,0
0.289,2,2,0.415,0.741,0.251,0,6,0
0.82,2,2,0.016,0.478,0.356,0,9,0
0.46,1,1,0.434,0.355,0.662,0,7,1
0.731,3,2,0.016,0.644,0.273,1,7,0
0.908,1,3,0.009,0.141,0.174,2,15,1
0.726,1,3,0.661,0.061,0.562,2,8,0
0.841,2,1,0.742,0.172,0.655,1,5,0
0.932,1,2,0.625,0.03,0.143,1,7,0
0.126,1,1,0.735,0.332,0.622,0,5,0
0.142,2,1,0.158,0.763,0.506,1,3,0
0.3,2,2,0.464,0.988,0.079,0,9,0
0.583,1,1,0.311,0.857,0.567,0,10,0
0.331,2,3,0.668,0.656,0.256,1,4,0
0.774,3,1,0.805,0.196,0.154,2,5,0
0.174,1,3,0.105,0.717,0.198,2,6,0
0.757,2,3,0.591,0.329,0.682,1,15,0
0.895,1,1,0.579,0.328,0.262,0,3,0
0.82,3,1,0.014,0.048,0.139,2,3,0
0.314,2,2,0.858,0.323,0.4,0,6,0
0.835,3,2,0.621,0.406,0.695,1,15,0
0.77,3,2,0.997,0.769,0.647,1,5,1
0.826,2,1,0.668,0.772,0.319,1,8,0
0.337,2,3,0.126,0.427,0.018,1,6,0
0.847,1,2,0.307,0.55,0.207,1,9,0
0.946,3,3,0.195,0.183,0.574,0,6,0
0.279,3,1,0.563,0.354,0.421,2,15,0
0.82,2,3,0.167,0.539,0.486,1,5,1
0.249,3,3,0.152,0.859,0.158,0,9,0
0.351,2,2,0.894,0.296,0.631,0,10,1
0.749,2,3,0.668,0.0,0.176,1,6,0
0.652,1,1,0.481,0.059,0.287,0,5,0
0.826,1,2,0.391,0.391,0.112,1,6,1
0.415,1,2,0.123,0.963,0.193,1,5,1
0.228,2,1,0.521,0.761,0.008,1,15,1
0.666,2,1,0.541,0.232,0.307,1,10,1
0.892,3,1,0.382,0.341,0.19,2,7,1
0.52,3,2,0.758,0.168,0.497,1,6,0
0.18,3,2,0.241,0.603,0.419,1,10,0
0.967,2,2,0.842,0.057,0.074,0,7,0
0.676,2,2,0.083,0.42,0.585,0,4,0
0.537,3,3,0.266,0.495,0.414,0,10,0
0.854,2,3,0.383,0.607,0.609,1,4,0
0.814,1,1,0.361,0.576,0.082,0,9,0
0.746,1,2,0.573,0.347,0.552,1,15,1
0.459,3,1,0.216,0.744,0.302,2,5,1
0.951,1,1,0.729,0.292,0.289,0,7,1
0.715,2,2,0.784,0.974,0.174,0,8,1
0.992,2,3,0.771,0.769,0.112,1,15,1
0.767,2,2,0.857,0.781,0.12,0,8,1
0.584,1,3,0.09,0.317,0.214,2,9,0
0.547,1,3,0.485,0.757,0.142,2,8,0
0.906,1,1,0.19,0.959,0.226,0,7,0
0.73,3,1,0.398,0.296,0.392,2,4,0
0.181,3,2,0.146,0.915,0.464,1,8,0
0.457,2,2,0.613,0.104,0.669,0,4,0
0.302,1,2,0.026,0.246,0.109,1,6,0
0.985,1,1,0.145,0.875,0.308,0,7,1
0.119,3,3,0.551,0.483,0.307,0,6,0
0.863,3,2,0.747,0.4,0.403,1,8,0
0.337,2,1,0.32,0.365,0.648,1,8,1
0.724,2,1,0.796,0.86,0.69,1,5,1
0.926,3,1,0.807,0.708,0.375,2,6,0
0.746,3,1,0.465,0.976,0.575,2,3,0
0.494,3,1,0.022,0.436,0.667,2,10,0
0.152,2,1,0.682,0.477,0.494,1,4,0
0.348,2,3,0.598,0.947,0.509,1,9,0
0.948,2,3,0.697,0.215,0.316,1,7,1
0.613,3,3,0.98,0.946,0.101,0,8,0
0.974,1,1,0.775,0.712,0.251,0,4,1
0.577,3,3,0.774,0.161,0.136,0,5,0
0.127,2,1,0.946,0.729,0.232,1,9,0
0.443,2,1,0.311,0.139,0.24,1,5,0
0.891,2,1,0.227,0.091,0.182,1,4,0
0.777,3,1,0.982,0.258,0.616,2,3,0
0.186,1,1,0.327,0.964,0.37,0,7,1
0.915,3,1,0.188,0.375,0.049,2,10,1
0.297,2,1,0.6,0.097,0.478,1,5,0
0.736,1,2,0.03,0.507,0.57,1,3,0
0.899,1,2,0.108,0.807,0.218,1,5,0
0.251,1,3,0.92,0.498,0.422,2,10,0
0.593,2,3,0.554,0.784,0.661,1,8,1
0.227,2,2,0.059,0.188,0.283,0,10,0
0.919,3,3,0.091,0.755,0.414,0,8,0
0.607,3,3,0.643,0.532,0.276,0,7,1
0.503,1,2,0.435,0.293,0.438,1,4,0
0.542,2,2,0.498,0.561,0.427,0,7,0
0.729,3,1,0.307,0.831,0.132,2,15,1
0.382,1,2,0.385,0.534,0.033,1,8,0
0.147,3,3,0.849,0.874,0.517,0,15,1
0.729,1,1,0.712,0.099,0.665,0,4,0
0.546,3,2,0.206,0.64,0.011,1,4,0
0.104,1,2,0.984,0.66,0.641,1,9,0
0.435,2,1,0.622,0.045,0.099,1,7,0
0.481,3,2,0.205,0.71,0.631,1,7,0
0.109,2,1,0.817,0.377,0.59,1,10,0
0.109,3,2,0.129,0.395,0.487,1,6,0
0.203,1,1,0.537,0.902,0.342,0,5,0
0.331,3,2,0.536,0.715,0.487,1,7,0
0.335,1,1,0.95,0.395,0.62,0,15,0
0.281,3,1,0.111,0.996,0.328,2,3,0
0.266,3,3,0.371,0.806,0.169,0,5,0
0.792,3,1,0.769,0.934,0.537,2,8,1
0.113,1,1,0.35,0.341,0.665,0,6,0
0.151,2,1,0.225,0.153,0.204,1,6,0
0.749,1,1,0.602,0.871,0.049,0,7,1
0.229,2,2,0.518,0.057,0.479,0,3,0
0.253,2,1,0.684,0.37,0.1,1,3,0
0.606,2,1,0.762,0.769,0.084,1,3,0
0.167,3,3,0.645,0.824,0.333,0,7,0
0.448,3,2,0.345,0.238,0.343,1,10,0
0.909,2,1,0.287,0.536,0.252,1,5,0
0.45,2,1,0.432,0.882,0.258,1,7,1
0.514,3,2,0.125,0.88,0.596,1,8,0
0.465,2,2,0.464,0.461,0.317,0,8,1
0.459,3,3,0.191,0.53,0.172,0,6,0
0.756,3,2,0.375,0.363,0.324,1,7,1
0.227,1,3,0.412,0.543,0.317,2,6,0
0.597,1,2,0.18,0.66,0.656,1,10,1
0.286,3,3,0.681,0.667,0.191,0,5,0
0.618,1,1,0.868,0.151,0.222,0,5,0
0.538,3,3,0.628,0.933,0.429,0,3,0
0.808,1,1,0.332,0.021,0.644,0,4,0
0.912,1,2,0.841,0.744,0.671,1,8,0
0.384,2,2,0.303,0.475,0.493,0,15,1
0.893,1,3,0.41,0.415,0.373,2,15,0
0.523,2,1,0.664,0.69,0.633,1,5,0
0.187,1,2,0.477,0.136,0.267,1,3,0
0.989,2,1,0.447,0.931,0.409,1,3,0
0.952,3,1,0.886,0.344,0.238,2,4,1
0.662,3,3,0.197,0.394,0.105,0,8,1
0.814,1,2,0.016,0.355,0.688,1,9,0
0.429,2,3,0.904,0.192,0.196,1,3,0
0.915,1,2,0.449,0.649,0.49,1,9,1
0.346,3,3,0.031,0.458,0.056,0,3,0
0.117,2,2,0.036,0.2,0.329,0,7,0
0.402,3,2,0.707,0.854,0.549,1,5,0
0.747,3,1,0.913,0.193,0.197,2,4,0
0.922,3,1,0.806,0.896,0.016,2,4,1
0.259,1,1,0.864,0.154,0.561,0,3,0
0.763,2,1,0.583,0.87,0.432,1,10,0
0.398,3,3,0.139,0.106,0.085,0,4,1
0.746,1,1,0.21,0.004,0.554,0,4,0
0.663,1,2,0.605,0.476,0.138,1,5,0
0.758,3,1,0.508,0.865,0.043,2,4,1
0.278,1,1,0.7,0.878,0.403,0,4,1
0.864,1,3,0.297,0.162,0.445,2,9,0
0.357,2,1,0.531,0.251,0.241,1,7,0
0.245,1,3,0.06,0.063,0.241,2,9,0
0.788,3,3,0.088,0.446,0.684,0,8,0
0.645,1,2,0.451,0.569,0.509,1,10,0
0.37,2,1,0.228,0.313,0.699,1,5,1
0.418,2,2,0.464,0.88,0.227,0,10,1
0.228,2,1,0.788,0.42,0.017,1,9,0
0.669,2,3,0.905,0.366,0.304,1,5,0
0.266,1,2,0.337,0.016,0.331,1,3,0
0.242,3,3,0.724,0.278,0.133,0,9,1
0.866,2,1,0.067,0.969,0.042,1,8,0
0.647,1,1,0.416,0.235,0.66,0,3,0
0.668,2,2,0.612,0.63,0.479,0,5,0
0.407,2,2,0.565,0.807,0.605,0,10,1
0.502,2,3,0.233,0.246,0.661,1,8,0
0.912,2,3,0.794,0.787,0.388,1,6,0
0.969,3,3,0.593,0.572,0.638,0,6,0
0.324,3,3,0.881,0.47,0.014,0,9,0
0.661,1,3,0.266,0.529,0.324,2,10,0
0.274,2,1,0.474,0.712,0.255,1,6,0
0.394,3,2,0.957,0.483,0.102,1,10,0
0.644,3,1,0.958,0.2,0.568,2,4,0
0.155,1,1,0.791,0.524,0.353,0,9,0
0.867,2,1,0.029,0.261,0.101,1,9,1
0.518,1,1,0.594,0.447,0.267,0,8,1
0.346,2,2,0.163,0.198,0.425,0,5,0
0.115,1,2,0.142,0.868,0.387,1,9,0
0.666,3,3,0.836,0.324,0.125,0,3,0
0.392,3,3,0.717,0.039,0.358,0,5,0
0.934,1,3,0.235,0.152,0.366,2,8,0
0.404,2,2,0.545,0.344,0.049,0,15,1
0.811,3,1,0.448,0.155,0.576,2,4,0
0.882,1,3,0.024,0.239,0.451,2,6,0
0.138,1,1,0.501,0.95,0.668,0,8,0
0.671,2,2,0.024,0.019,0.536,0,9,0
0.136,3,2,0.007,0.036,0.161,1,4,0
0.431,1,1,0.915,0.397,0.107,0,7,1
0.437,2,3,0.256,0.16,0.141,1,6,0
0.334,1,2,0.603,0.65,0.316,1,15,0
0.284,1,3,0.933,0.042,0.563,2,6,0
0.613,3,1,0.887,0.299,0.483,2,7,0
0.149,3,2,0.217,0.23,0.623,1,3,0
0.295,1,3,0.389,0.86,0.144,2,8,0
0.452,1,3,0.285,0.921,0.336,2,6,1
0.197,1,1,0.947,0.853,0.433,0,3,1
0.443,3,2,0.215,0.961,0.068,1,6,0
0.768,2,1,0.297,0.076,0.292,1,3,0
0.372,2,1,0.12,0.457,0.653,1,3,0
0.939,1,1,0.455,0.014,0.06,0,15,1
0.12,3,1,0.215,0.48,0.512,2,9,0
0.127,2,1,0.973,0.432,0.326,1,3,0
0.963,2,1,0.802,0.71,0.503,1,3,0
0.967,1,1,0.996,0.235,0.314,0,3,0
0.852,2,1,0.716,0.559,0.492,1,3,1
0.18,2,1,0.373,0.456,0.331,1,8,0
0.587,2,1,0.58,0.735,0.243,1,8,0
0.413,2,2,0.676,0.148,0.471,0,9,0
0.489,3,2,0.645,0.253,0.096,1,10,0
0.876,1,3,0.145,0.89,0.24,2,8,0
0.849,1,1,0.825,0.851,0.402,0,9,1
0.477,1,3,0.104,0.991,0.381,2,3,0
0.595,1,2,0.489,0.74,0.479,1,8,0
0.817,3,2,0.219,0.937,0.366,1,8,0
0.719,1,1,0.834,0.226,0.451,0,6,0
0.904,3,1,0.695,0.8,0.347,2,7,1
0.466,1,1,0.024,0.542,0.068,0,3,1
0.286,3,1,0.422,0.071,0.177,2,8,0
0.11,3,1,0.304,0.3,0.271,2,10,0
0.634,3,2,0.351,0.491,0.022,1,7,0
0.875,2,2,0.689,0.753,0.539,0,8,0
0.716,1,1,0.475,0.38,0.674,0,15,1
0.321,3,2,0.749,0.631,0.066,1,6,0
0.522,2,2,0.217,0.31,0.544,0,9,1
0.715,3,3,0.444,0.863,0.547,0,15,1
0.347,3,3,0.724,0.388,0.647,0,7,0
0.728,2,1,0.04,0.174,0.316,1,8,0
0.718,1,1,0.387,0.199,0.34,0,5,0
0.139,1,3,0.846,0.223,0.606,2,6,0
0.828,1,3,0.979,0.102,0.097,2,3,0
0.43,3,3,0.368,0.43,0.496,0,15,1
0.526,2,1,0.065,0.436,0.491,1,7,0
0.698,2,1,0.121,0.401,0.643,1,5,1
0.268,1,2,0.557,0.446,0.698,1,10,1
0.811,1,1,0.232,0.582,0.081,0,5,1
0.772,2,1,0.113,0.011,0.042,1,7,0
0.108,1,2,0.801,0.32,0.171,1,6,0
0.53,1,3,0.627,0.099,0.272,2,4,0
0.214,3,2,0.513,0.145,0.532,1,4,0
0.322,2,1,0.828,0.84,0.253,1,9,1
0.489,2,3,0.726,0.781,0.019,1,8,1
0.646,1,3,0.949,0.749,0.089,2,15,0
0.681,3,2,0.497,0.157,0.419,1,4,0
0.128,1,1,0.773,0.562,0.493,0,3,0
0.454,2,2,0.303,0.65,0.691,0,15,0
0.927,2,3,0.59,0.511,0.27,1,15,0
0.645,3,2,0.091,0.786,0.096,1,10,0
0.579,3,2,0.934,0.631,0.176,1,7,0
0.305,2,2,0.972,0.907,0.396,0,6,0
0.566,2,3,0.659,0.279,0.418,1,5,0
0.719,1,3,0.553,0.687,0.253,2,6,0
0.624,1,2,0.639,0.117,0.506,1,6,0
0.67,2,2,0.375,0.183,0.453,0,9,0
0.344,3,2,0.606,0.459,0.239,1,7,1
0.439,3,1,0.812,0.984,0.002,2,7,0
0.509,3,3,0.42,0.584,0.194,0,7,1
0.485,2,2,0.313,0.595,0.333,0,5,1
0.425,1,1,0.548,0.041,0.049,0,7,1
0.186,3,3,0.567,0.687,0.143,0,3,1
0.979,3,1,0.22,0.277,0.301,2,7,0
0.418,1,2,0.762,0.152,0.388,1,5,0
0.843,1,1,0.091,0.542,0.012,0,7,0
0.212,1,2,0.61,0.845,0.155,1,5,0
0.352,1,3,0.861,0.239,0.216,2,9,0
0.309,1,1,0.739,0.409,0.311,0,9,0
0.776,1,3,0.492,0.541,0.19,2,15,0
0.119,3,3,0.205,0.616,0.587,0,5,0
0.641,3,2,0.207,0.683,0.118,1,8,0
0.347,3,3,0.878,0.291,0.162,0,3,0
0.607,3,1,0.389,0.698,0.317,2,8,0
0.118,2,1,0.437,0.724,0.636,1,8,0
0.43,2,3,0.645,0.479,0.118,1,15,0
0.861,2,1,0.707,0.365,0.532,1,5,1
0.726,1,2,0.453,0.25,0.368,1,7,1
0.492,1,3,0.067,0.229,0.218,2,4,0
0.615,3,2,0.895,0.176,0.384,1,6,1
0.965,3,1,0.269,0.713,0.047,2,5,0
0.801,3,1,0.534,0.761,0.506,2,5,0
0.108,1,1,0.501,0.766,0.359,0,3,0
0.25,2,3,0.834,0.156,0.093,1,7,0
0.509,3,3,0.606,0.11,0.174,0,3,1
0.44,1,2,0.678,0.287,0.37,1,9,0
0.754,3,3,0.354,0.467,0.453,0,9,0
0.571,2,1,0.805,0.167,0.601,1,6,1
0.995,2,2,0.376,0.116,0.633,0,8,1
0.538,1,1,0.45,0.216,0.543,0,5,0
0.372,1,2,0.253,0.142,0.63,1,9,0
0.519,1,1,0.245,0.463,0.291,0,5,0
0.93,2,2,0.887,0.374,0.245,0,9,1
0.365,3,2,0.068,0.552,0.028,1,8,1
0.93,1,3,0.711,0.011,0.071,2,7,1
0.559,3,2,0.334,0.521,0.017,1,10,1
0.394,2,1,0.884,0.051,0.362,1,10,0
0.563,3,3,0.506,0.779,0.51,0,5,0
0.44,3,3,0.267,0.714,0.512,0,5,0
0.277,3,1,0.044,0.384,0.276,2,3,0
0.275,3,1,0.427,0.194,0.56,2,7,0
0.29,1,3,0.483,0.163,0.026,2,4,0
0.924,1,1,0.669,0.925,0.345,0,8,1
0.982,2,3,0.548,0.956,0.181,1,8,1
0.394,1,3,0.52,0.668,0.585,2,7,0
0.8,1,2,0.272,0.226,0.016,1,15,1
0.975,2,2,0.106,0.051,0.414,0,5,0
0.86,1,1,0.926,0.881,0.174,0,15,1
0.471,2,1,0.242,0.419,0.232,1,10,0
0.697,2,2,0.815,0.926,0.04,0,5,1
0.981,2,1,0.487,0.938,0.083,1,10,0
0.457,1,2,0.243,0.405,0.595,1,5,0
0.638,3,1,0.082,0.377,0.058,2,3,0
0.486,1,3,0.648,0.934,0.556,2,3,1
0.26,1,3,0.686,0.291,0.591,2,8,0
0.179,1,1,0.996,0.893,0.231,0,4,0
0.653,1,2,0.108,0.79,0.628,1,7,0
0.573,3,3,0.852,0.284,0.045,0,5,0
0.73,1,2,0.032,0.496,0.157,1,8,0
0.725,2,2,0.653,0.359,0.356,0,9,1
0.937,2,2,0.149,0.666,0.147,0,5,1
0.153,1,1,0.149,0.148,0.699,0,4,0
0.399,2,2,0.41,0.579,0.503,0,15,0
0.372,3,1,0.364,0.21,0.331,2,9,0
0.159,1,2,0.187,0.841,0.563,1,10,0
0.97,3,2,0.745,0.863,0.315,1,9,0
0.962,3,1,0.954,0.868,0.129,2,9,1
0.888,2,1,0.513,0.148,0.619,1,10,0
0.917,3,1,0.632,0.181,0.027,2,8,0
0.436,1,3,0.202,0.105,0.54,2,5,0
0.693,3,2,0.89,0.744,0.191,1,6,1
0.955,1,3,0.29,0.455,0.503,2,10,1
0.399,2,1,0.475,0.589,0.676,1,9,0
0.923,3,3,0.223,0.572,0.646,0,7,1
0.687,1,3,0.254,0.817,0.468,2,7,1
0.306,1,2,0.002,0.952,0.314,1,3,0
0.822,2,2,0.016,0.535,0.63,0,7,0
0.697,2,3,0.552,0.989,0.149,1,4,0
0.933,2,3,0.656,0.561,0.23,1,3,0
0.172,3,1,0.13,0.246,0.336,2,7,0
0.363,2,1,0.729,0.416,0.634,1,8,1
0.939,2,3,0.069,0.998,0.484,1,5,0
0.868,1,2,0.965,0.954,0.046,1,4,0
0.404,3,2,0.511,0.766,0.546,1,10,0
0.35,1,1,0.388,0.356,0.064,0,6,0
0.325,1,1,0.992,0.911,0.434,0,5,1
0.244,3,3,0.351,0.535,0.335,0,8,0
0.813,2,2,0.212,0.104,0.359,0,6,0
0.535,3,3,0.227,0.748,0.047,0,10,1
0.512,2,1,0.036,0.643,0.139,1,6,1
0.42,3,2,0.75,0.934,0.454,1,3,0
0.876,1,3,0.561,0.134,0.067,2,4,0
0.526,3,2,0.12,0.996,0.508,1,3,0
0.674,1,2,0.039,0.312,0.576,1,4,1
0.37,1,1,0.281,0.696,0.571,0,9,0
0.978,2,2,0.407,0.075,0.216,0,3,0
0.395,3,3,0.603,0.093,0.096,0,4,1
0.186,2,1,0.183,0.768,0.223,1,6,0
0.171,1,3,0.755,0.277,0.589,2,4,0
0.594,3,3,0.658,0.87,0.382,0,4,0
0.777,1,1,0.658,0.312,0.615,0,7,0
0.223,1,1,0.891,0.949,0.412,0,3,1
0.425,3,3,0.895,0.107,0.111,0,6,1
0.252,3,1,0.631,0.918,0.49,2,3,0
0.756,1,3,0.51,0.169,0.67,2,9,1
0.571,2,1,0.493,0.577,0.511,1,6,1
0.29,3,2,0.344,0.388,0.578,1,9,0
0.47,3,1,0.707,0.288,0.174,2,7,0
0.548,1,2,0.691,0.406,0.134,1,5,0
0.622,3,1,0.998,0.249,0.498,2,3,0
0.716,1,1,0.575,0.965,0.194,0,6,0
0.847,1,2,0.144,0.413,0.239,1,4,0
0.393,2,2,0.443,0.379,0.363,0,6,0
0.231,2,3,0.243,0.353,0.609,1,10,0
0.494,2,1,0.781,0.003,0.325,1,3,0
0.572,1,1,0.283,0.413,0.617,0,5,0
0.112,3,2,0.644,0.065,0.318,1,10,0
0.877,2,2,0.221,0.964,0.189,0,5,1
0.311,2,3,0.51,0.385,0.691,1,5,0
0.749,3,3,0.516,0.255,0.069,0,7,0
0.118,3,2,0.252,0.957,0.075,1,6,0
0.702,3,3,0.922,0.856,0.402,0,10,0
0.103,1,3,0.42,0.327,0.483,2,8,1
0.274,1,2,0.251,0.733,0.505,1,7,0
0.666,3,3,0.357,0.842,0.421,0,9,1
0.277,1,2,0.471,0.325,0.6,1,6,0
0.544,2,1,0.103,0.958,0.012,1,5,1
0.88,1,3,0.073,0.467,0.374,2,15,0
0.222,3,1,0.256,0.215,0.26,2,9,0
0.352,3,1,0.341,0.89,0.625,2,6,0
0.184,2,3,0.938,0.791,0.376,1,6,1
0.72,3,3,0.006,0.167,0.53,0,10,0
0.295,2,3,0.583,0.887,0.07,1,7,1
0.727,2,1,0.027,0.753,0.389,1,4,0
0.615,3,1,0.234,0.275,0.12,2,3,0
0.276,1,1,0.662,0.198,0.206,0,6,0
0.128,3,3,0.757,0.912,0.143,0,7,0
0.489,3,2,0.378,0.063,0.631,1,5,0
0.58,3,1,0.764,0.843,0.294,2,6,1
0.474,2,2,0.714,0.229,0.569,0,15,0
0.578,3,2,0.886,0.899,0.642,1,5,0
0.635,3,2,0.172,0.567,0.668,1,10,0
0.334,1,1,0.196,0.926,0.559,0,7,0
0.582,1,3,0.127,0.875,0.081,2,3,0
0.73,1,3,0.581,0.56,0.276,2,5,1
0.262,1,1,0.508,0.799,0.168,0,15,0
0.317,3,1,0.26,0.084,0.368,2,8,0
0.845,1,1,0.14,0.428,0.595,0,6,0
0.18,1,3,0.634,0.625,0.05,2,4,0
0.39,1,2,0.03,0.681,0.695,1,3,0
0.798,3,1,0.084,0.024,0.567,2,5,0
0.827,3,2,0.953,0.081,0.482,1,4,0
0.905,3,3,0.969,0.372,0.551,0,3,0
0.99,2,3,0.646,0.379,0.081,1,7,1
0.177,1,2,0.287,0.6,0.403,1,15,0
0.169,1,3,0.788,0.824,0.202,2,8,0
0.136,2,1,0.003,0.467,0.031,1,7,0
0.44,3,3,0.275,0.341,0.253,0,5,0
0.607,1,3,0.228,0.413,0.558,2,8,0
0.144,2,2,0.73,0.822,0.55,0,15,0
0.663,1,3,0.856,0.407,0.168,2,15,0
0.42,1,3,0.185,0.772,0.545,2,4,1
0.822,1,3,0.124,0.865,0.177,2,15,0
0.765,2,3,0.177,0.626,0.181,1,10,0
0.938,3,1,0.528,0.194,0.503,2,4,0
0.318,3,3,0.678,0.066,0.488,0,5,0
0.681,3,1,0.021,0.731,0.285,2,9,0
0.217,3,1,0.104,0.725,0.37,2,7,0
0.886,2,2,0.157,0.292,0.688,0,8,0
0.88,1,3,0.676,0.187,0.552,2,8,0
0.268,1,1,0.669,0.959,0.638,0,10,1
0.47,2,3,0.505,0.863,0.359,1,3,0
0.758,2,3,0.178,0.241,0.488,1,7,0
0.975,2,3,0.688,0.61,0.488,1,3,1
0.675,2,1,0.97,0.239,0.642,1,8,1
0.574,3,2,0.728,0.315,0.496,1,5,0
0.181,3,3,0.879,0.6,0.368,0,4,0
0.646,1,3,0.198,0.241,0.064,2,6,0
0.68,1,1,0.723,0.039,0.285,0,4,0
0.651,3,2,0.095,0.497,0.673,1,15,0
0.801,3,1,0.912,0.864,0.624,2,6,0
0.998,1,2,0.112,0.586,0.234,1,5,0
0.571,1,2,0.637,0.244,0.264,1,10,1
0.355,3,2,0.917,0.12,0.507,1,6,0
0.649,2,2,0.604,0.134,0.041,0,4,0
0.675,3,1,0.231,0.287,0.377,2,15,0
0.854,3,1,0.171,0.139,0.698,2,5,0
0.646,3,2,0.335,0.148,0.168,1,9,1
0.33,1,2,0.13,0.695,0.6,1,15,0
0.772,2,2,0.238,0.63,0.545,0,9,1
0.97,3,1,0.746,0.046,0.486,2,9,0
0.116,1,1,0.52,0.944,0.612,0,6,0
0.458,3,1,0.386,0.088,0.61,2,10,0
0.946,1,1,0.254,0.1,0.123,0,8,1
0.836,3,1,0.485,0.55,0.305,2,10,0
0.605,1,2,0.29,0.621,0.689,1,3,1
0.374,3,2,0.78,0.005,0.369,1,8,0
0.529,3,3,0.136,0.913,0.516,0,3,1
0.681,3,3,0.371,0.724,0.037,0,3,1
0.143,2,1,0.803,0.993,0.407,1,7,0
0.941,3,3,0.807,0.995,0.694,0,9,0
0.736,3,3,0.573,0.943,0.295,0,9,0
0.691,3,3,0.73,0.642,0.532,0,10,1
0.57,1,2,0.637,0.535,0.256,1,6,1
0.609,2,2,0.569,0.021,0.35,0,6,0
0.901,1,1,0.294,0.185,0.546,0,5,0
0.487,3,2,0.622,0.56,0.656,1,3,0
0.526,2,2,0.972,0.64,0.32,0,3,0
0.257,1,3,0.228,0.31,0.66,2,6,0
0.696,2,3,0.139,0.65,0.629,1,15,0
0.852,2,2,0.887,0.828,0.628,0,4,0
0.912,3,3,0.805,0.61,0.239,0,5,1
0.787,3,2,0.093,0.677,0.304,1,15,0
0.44,2,1,0.015,0.63,0.646,1,10,0
0.188,3,3,0.314,0.882,0.537,0,8,0
0.775,2,2,0.541,0.843,0.544,0,6,1
0.796,3,1,0.833,0.272,0.629,2,5,0
0.301,1,3,0.391,0.668,0.36,2,9,1
0.15,2,3,0.193,0.504,0.053,1,8,0
0.841,1,3,0.056,0.048,0.046,2,7,1
0.667,1,2,0.408,0.858,0.225,1,5,0
0.57,3,3,0.144,0.949,0.449,0,8,1
0.352,1,3,0.282,0.896,0.308,2,5,1
0.949,1,2,0.671,0.726,0.534,1,5,1
0.6,1,3,0.826,0.746,0.344,2,9,0
0.984,3,2,0.023,0.699,0.421,1,15,0
0.337,1,1,0.937,0.198,0.318,0,8,1
0.938,1,1,0.467,0.345,0.673,0,4,0
0.284,1,1,0.0,0.678,0.055,0,4,1
0.48,3,2,0.496,0.98,0.222,1,8,1
0.271,2,2,0.307,0.074,0.468,0,3,0
0.252,3,2,0.294,0.323,0.099,1,3,0
0.185,2,2,0.205,0.285,0.037,0,7,0
0.459,3,2,0.741,0.108,0.099,1,10,0
0.253,1,3,0.092,0.075,0.584,2,10,0
0.63,1,3,0.931,0.102,0.135,2,9,1
0.592,3,3,0.606,0.83,0.549,0,6,0
0.88,1,1,0.848,0.875,0.378,0,5,1
0.996,2,2,0.96,0.029,0.16,0,3,1
0.733,3,3,0.927,0.719,0.3,0,4,1
0.73,2,2,0.518,0.861,0.348,0,5,0
0.114,1,3,0.841,0.376,0.101,2,5,0
0.414,3,3,0.873,0.159,0.695,0,8,1
0.402,2,2,0.569,0.937,0.481,0,4,0
0.793,1,2,0.568,0.073,0.399,1,10,0
0.959,3,2,0.235,0.591,0.541,1,15,1
0.592,1,1,0.851,0.953,0.089,0,3,0
0.723,1,3,0.598,0.662,0.38,2,7,0
0.363,1,3,0.61,0.298,0.424,2,15,0
0.683,2,3,0.458,0.347,0.438,1,3,0
0.497,2,3,0.402,0.924,0.165,1,9,0
0.585,3,2,0.275,0.187,0.654,1,4,0
0.157,3,3,0.532,0.664,0.323,0,9,0
0.871,3,3,0.846,0.915,0.354,0,5,1
0.619,2,3,0.532,0.994,0.027,1,15,1
0.679,3,1,0.696,0.625,0.166,2,3,0
0.881,2,3,0.457,0.381,0.434,1,3,1
0.212,2,3,0.343,0.9,0.123,1,8,0
0.264,3,1,0.14,0.393,0.416,2,7,0
0.322,1,2,0.79,0.684,0.518,1,6,0
0.275,3,1,0.261,0.935,0.238,2,8,0
0.785,3,2,0.389,0.989,0.338,1,5,1
0.63,3,3,0.37,0.222,0.371,0,6,0
0.946,1,2,0.026,0.56,0.274,1,10,0
0.961,3,2,0.773,0.324,0.427,1,7,0
0.302,1,3,0.894,0.307,0.436,2,4,0
0.202,2,1,0.522,0.599,0.115,1,8,0
0.342,1,2,0.308,0.086,0.255,1,8,0
0.197,2,1,0.366,0.202,0.152,1,6,0
0.528,3,2,0.852,0.097,0.559,1,3,1
0.659,1,1,0.283,0.697,0.45,0,4,1
0.418,2,1,0.696,0.383,0.37,1,15,0
0.154,3,1,0.272,0.835,0.53,2,5,0
0.563,3,1,0.89,0.856,0.244,2,8,0
0.922,2,3,0.506,0.416,0.669,1,10,0
0.352,1,3,0.337,0.138,0.494,2,7,0
0.406,3,2,0.788,0.422,0.255,1,7,1
0.216,3,3,0.428,0.91,0.677,0,8,1
0.939,1,2,0.373,0.882,0.03,1,6,0
0.891,1,1,0.799,0.958,0.092,0,8,1
0.105,2,3,0.633,0.481,0.365,1,15,0
0.714,2,3,0.617,0.303,0.596,1,9,0
0.996,2,3,0.99,0.144,0.674,1,6,0
0.909,2,2,0.15,0.719,0.205,0,3,1
0.861,3,2,0.209,0.704,0.643,1,4,0
0.825,1,1,0.737,0.708,0.565,0,6,0
0.214,3,1,0.627,0.143,0.589,2,4,0
0.764,1,2,0.16,0.52,0.291,1,15,0
0.122,1,3,0.087,0.767,0.283,2,10,0
0.263,2,3,0.973,0.48,0.225,1,15,0
0.535,2,1,0.325,0.155,0.4,1,4,0
0.798,3,3,0.554,0.742,0.268,0,4,1
0.594,1,3,0.469,0.718,0.672,2,4,0
0.294,2,3,0.655,0.787,0.51,1,5,0
0.933,2,3,0.91,0.182,0.109,1,6,0
0.893,1,3,0.854,0.733,0.56,2,4,0
0.313,3,2,0.653,0.144,0.628,1,6,0
0.87,3,2,0.267,0.203,0.389,1,4,0
0.68,3,1,0.808,0.744,0.345,2,7,1
0.118,2,2,0.611,0.261,0.178,0,4,1
0.502,3,1,0.44,0.439,0.131,2,5,1
0.322,3,2,0.719,0.469,0.369,1,6,0
0.906,2,3,0.243,0.138,0.666,1,5,1
0.708,1,3,0.791,0.135,0.255,2,3,0
0.256,1,3,0.811,0.265,0.388,2,10,0
0.555,3,3,0.74,0.438,0.479,0,8,0
0.422,1,1,0.799,0.637,0.276,0,3,1
0.35,2,1,0.815,0.236,0.271,1,8,1
0.16,1,3,0.899,0.954,0.61,2,4,1
0.234,3,3,0.749,0.167,0.649,0,3,1
0.279,2,1,0.057,0.654,0.514,1,6,0
0.619,2,2,0.093,0.083,0.481,0,4,1
0.144,1,1,0.118,0.732,0.081,0,10,0
0.777,1,3,0.673,0.054,0.424,2,4,1
0.462,1,3,0.722,0.913,0.029,2,10,1
0.409,3,1,0.198,0.926,0.532,2,6,1
0.615,2,1,0.66,0.38,0.146,1,10,0
0.699,2,2,0.176,0.777,0.073,0,4,1
0.811,3,2,0.86,0.395,0.367,1,8,0
0.235,2,3,0.194,0.376,0.012,1,8,0
0.415,2,3,0.736,0.84,0.046,1,3,0
0.293,3,3,0.583,0.569,0.242,0,3,0
0.306,2,2,0.935,0.119,0.193,0,15,1
0.43,2,1,0.259,0.763,0.091,1,4,0
0.801,1,1,0.422,0.141,0.337,0,8,0
0.531,3,3,0.619,0.495,0.042,0,10,0
0.968,2,2,0.228,0.426,0.414,0,5,0
0.578,1,1,0.828,0.342,0.183,0,3,1
0.739,2,1,0.616,0.032,0.041,1,9,0
0.608,3,2,0.623,0.451,0.296,1,8,0
0.709,2,1,0.946,0.372,0.298,1,7,0
0.196,2,1,0.555,0.462,0.002,1,4,0
0.563,1,3,0.793,0.207,0.564,2,15,0
0.504,2,1,0.424,0.763,0.063,1,3,0
0.565,3,1,0.593,0.67,0.313,2,4,0
0.734,2,2,0.453,0.084,0.356,0,6,1
0.741,2,2,0.361,0.08,0.033,0,15,0
0.543,1,3,0.197,0.801,0.122,2,3,0
0.264,3,2,0.426,0.859,0.473,1,9,0
0.547,1,1,1.0,0.12,0.004,0,6,1
0.241,2,2,0.437,0.922,0.587,0,5,1
0.627,3,2,0.019,0.241,0.097,1,3,0
0.463,2,3,0.589,0.1,0.676,1,4,0
0.146,3,2,0.037,0.486,0.327,1,7,0
0.589,3,3,0.858,0.068,0.5,0,7,0
0.384,3,1,0.042,0.997,0.046,2,15,1
0.631,3,2,0.783,0.83,0.575,1,15,0
0.675,3,2,0.685,0.065,0.324,1,9,0
0.601,2,1,0.148,0.102,0.636,1,10,0
0.144,2,1,0.762,0.571,0.174,1,9,1
0.763,3,3,0.568,0.67,0.417,0,4,0
0.501,1,2,0.165,0.067,0.576,1,9,0
0.96,1,3,0.461,0.026,0.327,2,15,0
0.195,2,3,0.659,0.055,0.111,1,7,1
0.938,3,1,0.369,0.944,0.559,2,15,0
0.896,3,1,0.084,0.449,0.103,2,10,0
0.758,3,2,0.928,0.504,0.411,1,15,1
0.838,1,2,0.304,0.971,0.65,1,5,1
0.208,2,1,0.571,0.522,0.516,1,10,0
0.436,1,1,0.26,0.539,0.043,0,3,1
0.388,3,1,0.38,0.094,0.59,2,4,0
0.463,3,3,0.891,0.668,0.654,0,7,0
0.64,2,2,0.726,0.56,0.353,0,9,1
0.999,2,1,0.589,0.665,0.035,1,6,0
0.333,1,2,0.427,0.79,0.296,1,10,0
0.678,1,3,0.553,0.488,0.472,2,6,0
0.44,1,3,0.67,0.779,0.322,2,9,0
0.676,3,2,0.835,0.926,0.491,1,9,1
0.324,2,2,0.453,0.936,0.301,0,7,1
0.5,1,1,0.16,0.561,0.072,0,8,0
0.319,3,1,0.0,0.407,0.38,2,6,0
0.46,3,2,0.137,0.502,0.43,1,7,0
0.236,3,2,0.022,0.445,0.403,1,4,0
0.166,1,3,0.248,0.586,0.53,2,5,0
0.886,3,2,0.72,0.407,0.163,1,3,1
0.983,1,3,0.094,0.918,0.225,2,8,0
0.73,1,2,0.496,0.36,0.669,1,7,1
0.188,2,3,0.289,0.65,0.611,1,3,0
0.475,1,3,0.065,0.47,0.518,2,15,0
0.333,3,1,0.547,0.573,0.383,2,3,0
0.516,3,2,0.271,0.145,0.19,1,15,0
0.194,1,2,0.627,0.84,0.436,1,7,0
0.655,3,3,0.975,0.617,0.641,0,9,0
0.595,2,2,0.689,0.93,0.267,0,4,1
0.63,2,1,0.614,0.804,0.035,1,5,1
0.719,2,2,0.889,0.995,0.172,0,3,1
0.163,1,1,0.833,0.422,0.51,0,15,0
0.6,2,2,0.976,0.207,0.22,0,5,1
0.621,2,2,0.008,0.372,0.039,0,3,0
0.686,2,3,0.25,0.807,0.209,1,3,1
0.439,2,3,0.862,0.682,0.192,1,9,0
0.469,2,1,0.82,0.789,0.183,1,7,1
0.879,2,1,0.571,0.756,0.238,1,7,0
0.968,1,1,0.425,0.781,0.564,0,6,0
0.433,2,3,0.184,0.876,0.548,1,9,0
0.36,1,3,0.347,0.396,0.234,2,3,1
0.939,2,1,0.152,0.16,0.131,1,5,0
0.818,2,3,0.474,0.964,0.335,1,9,1
0.384,1,1,0.281,0.39,0.073,0,4,1
0.92,3,3,0.639,0.815,0.176,0,3,1
0.914,3,3,0.982,0.015,0.332,0,10,0
0.992,1,3,0.596,0.196,0.055,2,8,0
0.807,1,1,0.994,0.931,0.191,0,9,1
0.867,3,3,0.111,0.812,0.053,0,5,1
0.576,1,2,0.228,0.735,0.619,1,8,0
0.757,3,3,0.169,0.048,0.388,0,7,0
0.257,1,1,0.503,0.123,0.39,0,7,0
0.777,2,2,0.254,0.047,0.473,0,8,1
0.521,3,1,0.111,0.146,0.138,2,6,0
0.742,2,3,0.731,0.285,0.376,1,10,0
0.659,1,2,0.764,0.451,0.631,1,6,0
0.681,3,1,0.192,0.742,0.342,2,15,0
0.717,1,1,0.655,0.898,0.248,0,3,0
0.161,2,2,0.329,0.962,0.579,0,6,1
0.648,1,1,0.267,0.325,0.382,0,6,1
0.307,2,3,0.788,0.012,0.6,1,4,0
0.744,2,3,0.905,0.441,0.354,1,9,1
0.255,2,2,0.262,0.254,0.469,0,9,1
0.579,3,2,0.603,0.879,0.482,1,6,0
0.806,1,3,0.67,0.016,0.48,2,6,0
0.211,3,3,0.255,0.456,0.352,0,15,0
0.824,3,3,0.514,0.579,0.692,0,5,0
0.788,3,2,0.481,0.061,0.695,1,5,0
0.194,2,1,0.036,0.681,0.178,1,4,0
0.988,3,2,0.175,0.748,0.267,1,5,0
0.848,3,3,0.235,0.226,0.315,0,4,1
0.201,3,2,0.92,0.66,0.35,1,5,0
0.61,1,1,0.712,0.517,0.36,0,15,0
0.251,1,1,0.23,0.045,0.082,0,3,1
0.722,2,1,0.91,0.461,0.266,1,15,0
0.637,3,3,0.386,0.92,0.474,0,3,0
0.836,1,2,0.062,0.373,0.558,1,6,0
0.36,2,1,0.59,0.65,0.449,1,3,0
0.349,3,2,0.409,0.642,0.136,1,8,0
0.811,1,1,0.457,0.004,0.513,0,9,0
0.103,2,3,0.379,0.943,0.667,1,4,0
0.913,1,3,0.39,0.436,0.681,2,7,1
0.112,3,1,0.709,0.393,0.26,2,6,0
0.101,2,3,0.818,0.542,0.07,1,7,0
0.522,3,3,0.76,0.615,0.257,0,9,1
0.282,3,3,0.565,0.141,0.374,0,9,1
0.646,1,3,0.555,0.528,0.378,2,4,0
0.996,3,1,0.364,0.641,0.547,2,8,0
0.486,2,2,0.897,0.454,0.054,0,3,0
0.313,1,3,0.764,0.943,0.093,2,8,0
0.967,3,1,0.38,0.577,0.582,2,7,0
0.598,1,3,0.369,0.761,0.686,2,5,0
0.806,2,1,0.461,0.336,0.22,1,10,1
0.181,3,3,0.185,0.138,0.208,0,4,1
0.706,3,3,0.713,0.551,0.196,0,9,0
0.492,1,2,0.334,0.163,0.422,1,4,0
0.83,2,1,0.105,0.721,0.257,1,15,1
0.364,2,2,0.78,0.833,0.032,0,5,1
0.62,1,1,0.71,0.845,0.257,0,3,0
0.145,3,2,0.41,0.399,0.648,1,3,0
0.29,1,1,0.503,0.278,0.605,0,15,0
0.899,2,3,0.652,0.005,0.062,1,15,1
0.72,3,2,0.072,0.453,0.063,1,15,0
0.815,2,2,0.943,0.006,0.046,0,3,1
0.617,1,1,0.981,0.61,0.591,0,4,1
0.485,3,1,0.947,0.88,0.521,2,10,1
0.613,1,2,0.594,0.044,0.324,1,3,1
0.535,3,3,0.574,0.83,0.458,0,7,0
0.395,2,3,0.522,0.227,0.452,1,9,0
0.616,2,2,0.957,0.345,0.417,0,4,1
0.759,3,1,0.977,0.793,0.36,2,6,0
0.83,1,1,0.036,0.213,0.539,0,8,1
0.417,3,3,0.183,0.664,0.282,0,10,0
0.292,3,1,0.337,0.36,0.179,2,5,0
0.154,2,3,0.429,0.979,0.305,1,6,0
0.297,3,3,0.503,0.996,0.624,0,15,1
0.259,1,3,0.969,0.383,0.687,2,7,0
0.224,1,2,0.927,0.331,0.037,1,3,0
0.504,2,2,0.159,0.352,0.255,0,5,0
0.109,1,2,0.107,0.541,0.233,1,10,0
0.379,1,1,0.1,0.666,0.42,0,4,0
0.516,3,3,0.019,0.941,0.066,0,8,0
0.734,2,3,0.177,0.682,0.038,1,3,0
0.659,1,2,0.699,0.315,0.644,1,4,0
0.998,1,2,0.785,0.667,0.128,1,8,0
0.154,1,3,0.919,0.86,0.532,2,4,0
0.404,3,2,0.967,0.931,0.635,1,7,0
0.902,2,2,0.1,0.032,0.198,0,10,0
0.86,2,2,0.708,0.595,0.035,0,8,1
0.922,3,1,0.983,0.751,0.046,2,7,0
0.66,2,3,0.897,0.773,0.009,1,4,1
0.413,1,3,0.612,0.878,0.3,2,7,1
0.588,3,1,0.99,0.613,0.066,2,8,0
0.655,1,1,0.909,0.96,0.251,0,8,1
0.425,1,2,0.569,0.033,0.285,1,3,0
0.458,2,3,0.059,0.943,0.636,1,15,0
0.495,2,1,0.996,0.044,0.487,1,15,1
0.712,3,1,0.57,0.89,0.152,2,7,0
0.729,2,2,0.491,0.862,0.014,0,9,0
0.862,2,3,0.348,0.328,0.153,1,3,1
0.291,2,2,0.184,0.313,0.091,0,4,0
0.329,3,3,0.702,0.061,0.131,0,5,1
0.299,2,3,0.787,0.856,0.049,1,3,0
0.903,3,3,0.764,0.046,0.171,0,15,1
0.473,2,1,0.088,0.243,0.106,1,9,0
0.815,3,3,0.335,0.928,0.197,0,10,1
0.889,3,2,0.323,0.556,0.687,1,5,1
0.634,3,2,0.046,0.771,0.218,1,6,0
0.824,1,1,0.458,0.797,0.619,0,8,1
0.17,2,3,0.596,0.983,0.623,1,3,0
0.203,2,3,0.006,0.842,0.158,1,6,0
0.962,1,3,0.171,0.647,0.426,2,8,0
0.572,1,3,0.004,0.522,0.637,2,8,0
0.49,1,2,0.332,0.503,0.148,1,15,1
0.63,2,2,0.167,0.569,0.325,0,4,1
0.565,3,2,0.917,0.05,0.695,1,10,0
0.827,3,2,0.609,0.858,0.047,1,5,1
0.624,1,2,0.866,0.804,0.193,1,4,0
0.224,3,1,0.178,0.754,0.114,2,6,0
0.583,3,1,0.662,0.927,0.686,2,5,1
0.18,2,1,0.731,0.487,0.195,1,15,0
0.159,2,3,0.01,0.577,0.497,1,5,0
0.761,1,1,0.277,0.036,0.146,0,5,1
0.218,3,1,0.695,0.439,0.251,2,4,0
0.746,1,3,0.094,0.899,0.532,2,8,0
0.466,2,1,0.344,0.197,0.478,1,6,0
0.496,2,1,0.611,0.356,0.632,1,6,1
0.164,1,1,0.416,0.652,0.693,0,4,0
0.44,3,3,0.749,0.041,0.661,0,15,1
0.95,1,3,0.541,0.264,0.59,2,7,1
0.448,1,1,0.939,0.151,0.057,0,9,1
0.551,2,2,0.841,0.406,0.619,0,9,1
0.778,1,1,0.084,0.383,0.49,0,15,0
0.426,1,2,0.301,0.303,0.201,1,3,0
0.488,1,1,0.717,0.685,0.423,0,9,1
0.372,3,1,0.847,0.377,0.318,2,9,1
0.894,1,2,0.216,0.088,0.678,1,9,0
0.928,3,3,0.321,0.344,0.458,0,5,1
0.563,3,3,0.735,0.636,0.668,0,4,0
0.937,1,3,0.085,0.639,0.507,2,9,0
0.281,2,3,0.966,0.805,0.621,1,7,0
0.977,1,2,0.532,0.889,0.467,1,6,1
0.954,1,1,0.706,0.809,0.169,0,8,0
0.576,2,2,0.37,0.028,0.686,0,10,0
0.451,3,2,0.796,0.564,0.188,1,9,0
0.905,2,3,0.336,0.722,0.66,1,6,0
0.316,2,2,0.393,0.564,0.694,0,15,0
0.826,2,1,0.177,0.209,0.196,1,7,0
0.582,1,3,0.917,0.573,0.648,2,7,0
0.833,1,2,0.787,0.76,0.417,1,8,0
0.457,2,1,0.014,0.182,0.597,1,7,0
0.431,3,1,0.385,0.589,0.083,2,7,1
0.701,2,1,0.793,0.651,0.408,1,5,0
0.835,2,1,0.718,0.777,0.62,1,3,0
0.471,3,3,0.904,0.77,0.158,0,3,1
0.718,1,2,0.92,0.496,0.372,1,5,0
0.171,3,3,0.281,0.549,0.065,0,5,1
0.834,3,2,0.889,0.279,0.627,1,15,0
0.334,3,1,0.112,0.65,0.475,2,6,0
0.247,3,3,0.529,0.934,0.474,0,8,0
0.838,1,1,0.577,0.905,0.324,0,9,1
0.466,1,1,0.646,0.468,0.078,0,3,0
0.666,2,3,0.063,0.815,0.57,1,8,0
0.567,1,2,0.856,0.036,0.645,1,5,0
0.159,1,1,0.12,0.32,0.464,0,3,0
0.304,3,1,0.763,0.692,0.086,2,15,0
0.725,2,1,0.122,0.993,0.636,1,9,0
0.416,1,3,0.027,0.518,0.274,2,5,0
0.668,2,3,0.374,0.784,0.241,1,8,0
0.874,3,1,0.151,0.213,0.164,2,10,0
0.654,3,2,0.364,0.603,0.122,1,10,0
0.845,1,1,0.423,0.782,0.158,0,4,1
0.975,2,3,0.976,0.397,0.635,1,3,0
0.45,2,3,0.807,0.788,0.085,1,6,1
0.189,2,2,0.645,0.125,0.277,0,15,1
0.966,3,3,0.09,0.56,0.673,0,10,0
0.858,2,3,0.86,0.923,0.533,1,9,1
0.392,2,1,0.982,0.131,0.147,1,5,1
0.245,3,3,0.292,0.508,0.444,0,5,0
0.991,3,3,0.991,0.566,0.502,0,5,1
0.963,2,3,0.993,0.057,0.128,1,8,1
0.69,2,3,0.479,0.242,0.628,1,6,1
0.683,3,2,0.276,0.055,0.278,1,6,1
0.702,1,1,0.653,0.857,0.665,0,8,1
0.9,1,2,0.661,0.22,0.27,1,15,0
0.698,1,3,0.365,0.571,0.504,2,4,0
0.349,2,3,0.073,0.045,0.223,1,5,0
0.694,2,2,0.072,0.086,0.684,0,8,0
0.344,3,3,0.376,0.933,0.064,0,6,0
0.506,2,2,0.803,0.358,0.129,0,5,1
0.252,1,3,0.496,0.667,0.05,2,5,0
0.181,2,1,0.752,0.073,0.141,1,9,0
0.658,2,2,0.036,0.532,0.453,0,15,0
0.167,2,1,0.798,0.491,0.339,1,5,1
0.687,3,2,0.695,0.765,0.322,1,15,0
0.528,3,3,0.936,0.42,0.166,0,7,1
0.642,3,1,0.031,0.77,0.23,2,15,0
0.807,3,1,0.046,0.335,0.163,2,4,0
0.417,1,2,0.272,0.775,0.34,1,7,0
0.51,2,1,0.14,0.48,0.498,1,15,0
0.376,3,2,0.298,0.665,0.305,1,10,0
0.931,1,2,0.427,0.42,0.141,1,3,1
0.398,1,3,0.221,0.407,0.247,2,6,1
0.765,2,2,0.441,0.565,0.432,0,4,0
0.609,2,1,0.321,0.137,0.487,1,3,0
0.634,3,1,0.162,0.008,0.258,2,5,0
0.707,2,2,0.614,0.3,0.691,0,15,0
0.604,3,2,0.923,0.763,0.428,1,9,0
0.323,2,2,0.745,0.754,0.612,0,7,0
0.807,2,3,0.589,0.612,0.277,1,6,0
0.95,2,1,0.575,0.276,0.316,1,7,0
0.337,3,3,0.561,0.759,0.586,0,5,1
0.634,3,2,0.724,0.42,0.424,1,6,0
0.702,3,3,0.858,0.643,0.618,0,7,1
0.242,1,2,0.129,0.998,0.532,1,5,1
0.531,1,3,0.348,0.479,0.211,2,7,0
0.806,2,1,0.859,0.337,0.56,1,5,1
0.109,2,2,0.382,0.278,0.303,0,4,1
0.65,3,3,0.875,0.055,0.019,0,4,1
0.203,3,2,0.864,0.864,0.233,1,15,0
0.452,2,2,0.964,0.582,0.44,0,15,0
0.974,1,1,0.261,0.923,0.427,0,8,1
0.27,3,1,0.072,0.327,0.272,2,15,0
0.143,1,2,0.158,0.297,0.128,1,5,1
0.324,2,2,0.208,0.458,0.128,0,4,1
0.309,2,3,0.693,0.714,0.291,1,9,0
0.586,1,3,0.314,0.033,0.554,2,5,0
0.353,3,3,0.09,0.959,0.107,0,10,1
0.357,2,2,0.208,0.263,0.695,0,8,1
0.306,2,3,0.61,0.947,0.114,1,7,0
0.405,2,1,0.199,0.752,0.511,1,5,0
0.238,1,2,0.401,0.009,0.011,1,4,0
0.89,1,2,0.468,0.022,0.138,1,4,0
0.211,2,1,0.438,0.783,0.256,1,9,1
0.531,3,1,0.899,0.347,0.57,2,3,0
0.678,1,1,0.91,0.056,0.659,0,15,0
0.834,1,3,0.918,0.235,0.152,2,5,1
0.586,2,3,0.809,0.068,0.681,1,3,1
0.746,1,1,0.881,0.662,0.093,0,3,1
0.891,2,3,0.463,0.916,0.181,1,4,0
0.529,3,2,0.414,0.691,0.225,1,5,0
0.145,2,2,0.154,0.64,0.159,0,10,0
0.406,1,1,0.803,0.18,0.222,0,8,1
0.782,2,3,0.739,0.713,0.64,1,6,0
0.664,2,1,0.1,0.573,0.658,1,4,1
0.142,3,1,0.697,0.458,0.359,2,15,0
0.926,3,1,0.454,0.05,0.641,2,3,0
0.536,3,1,0.598,0.036,0.44,2,8,0
0.974,3,3,0.318,0.252,0.248,0,4,1
0.255,1,3,0.255,0.905,0.662,2,6,0
0.264,1,1,0.113,0.361,0.202,0,5,0
0.388,2,1,0.909,0.591,0.452,1,3,0
0.835,1,2,0.877,0.976,0.206,1,3,1
0.857,2,2,0.012,0.509,0.406,0,10,1
0.25,2,3,0.684,0.614,0.264,1,4,0
0.887,1,2,0.624,0.788,0.314,1,5,1
0.671,1,3,0.317,0.16,0.614,2,6,0
0.507,2,1,0.912,0.474,0.556,1,5,1
0.172,2,3,0.134,0.349,0.059,1,8,0
0.935,1,2,0.924,0.593,0.082,1,9,1
0.236,2,3,0.402,0.316,0.465,1,9,0
0.702,1,3,0.723,0.646,0.121,2,5,1
0.439,2,1,0.646,0.663,0.436,1,15,0
0.275,3,1,0.044,0.107,0.458,2,15,0
0.302,1,1,0.851,0.064,0.45,0,4,0
0.256,1,3,0.912,0.372,0.207,2,4,0
0.584,2,2,0.298,0.543,0.375,0,3,1
0.625,3,1,0.389,0.327,0.389,2,7,0
0.853,3,1,0.57,0.001,0.556,2,15,0
0.548,3,2,0.521,0.524,0.171,1,9,0
0.354,2,1,0.596,0.749,0.543,1,5,0
0.693,1,2,0.809,0.611,0.5,1,5,1
0.265,2,1,0.612,0.69,0.032,1,15,1
0.975,2,3,0.772,0.733,0.656,1,4,1
0.876,2,3,0.609,0.153,0.532,1,7,0
0.574,3,1,0.735,0.161,0.489,2,3,1
0.888,2,3,0.168,0.41,0.516,1,3,1
0.413,1,1,0.544,0.748,0.377,0,6,0
0.103,3,2,0.244,0.046,0.567,1,15,0
0.595,1,1,0.925,0.935,0.387,0,5,1
0.608,3,3,0.698,0.062,0.316,0,5,0
0.781,1,3,0.993,0.858,0.124,2,6,0
0.551,2,1,0.214,0.673,0.618,1,10,0
0.772,3,3,0.963,0.336,0.08,0,9,1
0.509,1,1,0.001,0.434,0.213,0,4,1
0.697,1,3,0.152,0.201,0.158,2,15,0
0.758,1,3,0.6,0.349,0.131,2,4,0
0.393,3,2,0.493,0.941,0.014,1,4,0
0.48,3,1,0.006,0.723,0.578,2,15,0
0.871,2,1,0.467,0.247,0.053,1,10,0
0.205,3,3,0.419,0.695,0.247,0,15,0
0.587,2,3,0.676,0.35,0.348,1,5,0
0.439,3,2,0.764,0.953,0.279,1,8,0
0.185,2,3,0.593,0.448,0.216,1,5,0
0.301,2,1,0.764,0.671,0.44,1,7,0
0.621,3,2,0.143,0.022,0.188,1,9,0
0.99,2,3,0.396,0.063,0.307,1,3,0
0.598,3,2,0.255,0.457,0.48,1,8,0
0.866,2,3,0.194,0.406,0.053,1,15,0
0.201,2,3,0.944,0.243,0.587,1,8,0
0.76,3,2,0.293,0.808,0.075,1,15,1
0.361,1,3,0.515,0.792,0.117,2,9,0
0.394,1,1,0.164,0.118,0.621,0,5,0
0.135,2,1,0.018,0.29,0.421,1,15,0
0.581,2,1,0.001,0.359,0.073,1,15,0
0.271,3,2,0.667,0.804,0.231,1,15,0
0.657,3,3,0.995,0.474,0.583,0,15,1
0.986,1,2,0.788,0.015,0.648,1,3,1
0.292,3,3,0.403,0.345,0.273,0,8,0
0.116,2,2,0.767,0.387,0.068,0,6,0
0.981,3,2,0.449,0.845,0.693,1,3,0
0.532,3,3,0.472,0.912,0.458,0,9,0
0.823,1,2,0.372,0.113,0.525,1,4,1
0.344,2,1,0.601,0.303,0.678,1,3,0
0.347,2,2,0.819,0.955,0.391,0,8,1
0.946,2,1,0.324,0.142,0.545,1,8,0
0.493,2,1,0.184,0.137,0.653,1,5,0
0.107,1,3,0.295,0.215,0.445,2,3,0
0.377,2,2,0.372,0.304,0.202,0,6,0
0.394,1,3,0.225,0.848,0.572,2,3,0
0.174,1,1,0.102,0.287,0.51,0,3,1
0.324,1,1,0.929,0.658,0.663,0,10,1
0.801,1,1,0.426,0.633,0.324,0,7,1
0.591,1,3,0.675,0.617,0.389,2,15,0
0.263,3,2,0.14,0.305,0.477,1,8,0
0.204,3,1,0.449,0.328,0.258,2,3,0
0.147,3,1,0.258,0.047,0.216,2,10,0
0.524,2,1,0.298,0.639,0.25,1,15,0
0.868,2,2,0.119,0.112,0.553,0,7,0
0.982,2,3,0.203,0.199,0.203,1,8,1
0.559,1,1,0.421,0.222,0.087,0,4,0
0.316,3,1,0.427,0.521,0.421,2,3,0
0.555,1,2,0.794,0.812,0.39,1,10,0
0.277,2,2,0.684,0.827,0.304,0,8,1
0.501,2,1,0.927,0.409,0.582,1,6,0
0.825,3,1,0.356,0.05,0.358,2,10,0
0.351,2,2,0.742,0.497,0.515,0,5,0
0.458,1,2,0.137,0.987,0.157,1,7,0
0.666,2,1,0.61,0.262,0.634,1,3,0
0.201,3,1,0.577,0.596,0.238,2,15,0
0.849,3,3,0.085,0.709,0.115,0,9,0
0.361,2,2,0.736,0.17,0.206,0,15,0
0.368,3,2,0.438,0.615,0.32,1,15,0
0.434,2,2,0.754,0.329,0.497,0,5,0
0.768,3,2,0.745,0.051,0.1,1,10,0
0.648,3,1,0.299,0.846,0.587,2,15,0
0.648,2,2,0.751,0.899,0.323,0,15,1
0.969,2,1,0.425,0.811,0.553,1,5,0
0.452,3,1,0.638,0.105,0.128,2,6,0
0.408,2,1,0.578,0.849,0.08,1,10,0
0.172,2,1,0.738,0.576,0.621,1,5,0
0.501,3,3,0.861,0.047,0.221,0,9,0
0.299,2,2,0.745,0.089,0.58,0,15,0
0.779,2,3,0.318,0.961,0.008,1,5,0
0.118,3,3,0.08,0.122,0.403,0,6,0
0.579,3,3,0.866,0.985,0.215,0,8,1
0.751,1,2,0.826,0.574,0.483,1,4,0
0.745,1,1,0.299,0.283,0.043,0,10,1
0.163,2,3,0.496,0.933,0.557,1,9,0
0.226,2,3,0.721,0.079,0.483,1,9,0
0.288,1,1,0.627,0.798,0.042,0,15,1
0.886,2,2,0.45,0.09,0.443,0,6,1
0.401,2,2,0.568,0.82,0.168,0,8,1
0.889,1,3,0.613,0.38,0.172,2,5,0
0.92,2,1,0.545,0.486,0.32,1,9,0
0.685,2,2,0.177,0.005,0.64,0,4,0
0.329,1,1,0.035,0.817,0.478,0,4,0
0.727,2,3,0.872,0.635,0.143,1,7,1
0.339,2,3,0.56,0.963,0.026,1,3,1
0.982,1,1,0.422,0.264,0.341,0,15,0
0.337,2,3,0.755,0.676,0.317,1,6,0
0.815,1,1,0.418,0.575,0.403,0,9,1
0.781,3,3,0.92,0.86,0.439,0,5,1
0.583,2,2,0.871,0.938,0.356,0,8,1
0.736,2,1,0.846,0.538,0.625,1,4,0
0.899,1,3,0.96,0.642,0.297,2,4,0
0.782,2,1,0.203,0.776,0.536,1,6,0
0.784,1,2,0.443,0.507,0.144,1,8,0
0.3,1,2,0.45,0.214,0.199,1,7,1
0.746,3,2,0.193,0.012,0.639,1,9,0
0.268,1,1,0.97,0.396,0.244,0,7,1
0.863,1,3,0.652,0.894,0.428,2,10,0
0.107,2,3,0.495,0.066,0.04,1,7,1
0.294,2,3,0.643,0.371,0.547,1,3,0
0.743,2,1,0.144,0.099,0.444,1,7,0
0.519,3,1,0.744,0.73,0.391,2,7,0
0.617,1,2,0.842,0.183,0.261,1,5,1
0.113,3,2,0.1,0.646,0.15,1,15,0
0.146,1,1,0.688,0.305,0.368,0,6,1
0.111,3,1,0.056,0.399,0.486,2,5,0
0.129,2,2,0.721,0.779,0.166,0,4,0
0.277,3,2,0.476,0.583,0.007,1,8,1
0.186,1,3,0.966,0.137,0.669,2,3,0
0.295,2,1,0.654,0.089,0.527,1,5,0
0.198,3,3,0.509,0.813,0.396,0,4,0
0.546,1,2,0.316,0.12,0.563,1,7,0
0.813,2,1,0.474,0.111,0.117,1,3,0
0.376,2,1,0.76,0.054,0.685,1,7,0
0.938,1,3,0.397,0.184,0.101,2,5,0
0.293,3,3,0.914,0.27,0.058,0,3,0
0.375,2,1,0.376,0.798,0.332,1,3,1
0.264,3,1,0.923,0.626,0.221,2,10,0
0.686,3,1,0.971,0.818,0.504,2,5,0
0.41,3,1,0.382,0.359,0.378,2,5,0
0.617,1,3,0.922,0.32,0.651,2,4,0
0.487,2,3,0.607,0.993,0.492,1,15,0
0.33,3,3,0.674,0.428,0.615,0,5,1
0.441,1,2,0.312,0.908,0.35,1,7,1
0.774,2,1,0.977,0.821,0.39,1,4,0
0.542,3,2,0.301,0.846,0.091,1,3,0
0.763,3,1,0.393,0.933,0.538,2,5,0
0.807,1,2,0.27,0.279,0.188,1,3,0
0.206,3,2,0.432,0.965,0.287,1,5,0
0.109,1,3,0.492,0.998,0.14,2,5,0
0.423,2,1,0.002,0.001,0.146,1,3,1
0.567,1,2,0.453,0.793,0.521,1,4,0
0.103,3,1,0.121,0.572,0.545,2,4,0
0.102,3,2,0.568,0.955,0.595,1,5,0
0.225,2,3,0.673,0.202,0.32,1,10,0
0.656,2,2,0.3,0.009,0.557,0,4,0
0.88,3,2,0.245,0.425,0.7,1,3,1
0.637,3,1,0.435,0.515,0.479,2,4,0
0.32,2,1,0.318,0.082,0.067,1,15,0
0.725,2,2,0.15,0.501,0.531,0,3,1
0.334,3,2,0.763,0.012,0.254,1,7,0
0.127,2,3,0.25,0.375,0.402,1,7,0
0.489,1,3,0.138,0.716,0.067,2,3,0
0.736,3,1,0.921,0.91,0.482,2,6,0
0.637,2,2,0.141,0.968,0.105,0,15,1
0.899,2,1,0.468,0.262,0.227,1,8,0
0.273,2,2,0.996,0.16,0.651,0,3,1
0.178,3,1,0.552,0.095,0.54,2,8,0
0.205,2,3,0.975,0.938,0.44,1,8,0
0.358,2,2,0.602,0.114,0.022,0,6,1
0.484,1,1,0.522,0.054,0.089,0,10,1
0.181,3,1,0.568,0.907,0.14,2,9,1
0.181,1,3,0.715,0.655,0.185,2,3,0
0.486,2,3,0.913,0.224,0.57,1,7,0
0.753,2,2,0.419,0.655,0.626,0,6,0
0.37,1,1,0.007,0.107,0.062,0,10,0
0.819,1,1,0.259,0.964,0.216,0,8,1
0.48,2,1,0.94,0.999,0.374,1,4,0
0.214,2,2,0.987,0.668,0.128,0,15,1
0.476,2,2,0.953,0.935,0.652,0,5,1
0.169,3,2,0.852,0.879,0.619,1,10,0
0.86,3,1,0.662,0.293,0.327,2,3,0
0.425,1,3,0.303,0.413,0.653,2,10,0
0.976,1,1,0.308,0.235,0.605,0,7,0
0.891,2,1,0.087,0.548,0.663,1,9,0
0.644,2,1,0.017,0.164,0.18,1,9,0
0.349,2,1,0.101,0.643,0.062,1,10,0
0.592,1,1,0.857,0.531,0.325,0,9,1
0.303,3,3,0.806,0.587,0.201,0,4,0
0.35,2,2,0.26,0.537,0.695,0,3,0
0.189,1,1,0.815,0.993,0.127,0,8,1
0.691,2,1,0.863,0.082,0.508,1,4,0
0.146,3,1,0.824,0.744,0.37,2,6,0
0.19,3,1,0.987,0.642,0.354,2,6,0
1.0,1,3,0.623,0.105,0.313,2,3,1
0.827,1,2,0.813,0.938,0.147,1,6,1
0.721,3,3,0.555,0.099,0.576,0,3,0
0.194,3,1,0.761,0.758,0.619,2,8,0
0.655,1,3,0.648,0.722,0.181,2,10,0
0.396,2,1,0.206,0.921,0.44,1,10,0
0.404,1,1,0.558,0.706,0.016,0,10,1
0.103,1,1,0.715,0.779,0.419,0,10,1
0.474,2,1,0.779,0.027,0.483,1,10,0
0.239,1,3,0.634,0.677,0.615,2,9,0
0.541,1,1,0.04,0.535,0.34,0,9,0
0.195,1,1,0.674,0.182,0.201,0,15,1
0.417,3,2,0.669,0.031,0.119,1,7,1
0.791,1,1,0.97,0.876,0.675,0,4,1
0.134,2,3,0.352,0.602,0.534,1,10,0
0.7,1,3,0.357,0.389,0.31,2,9,0
0.207,3,2,0.697,0.85,0.64,1,5,1
0.149,1,1,0.388,0.839,0.626,0,3,0
0.109,1,3,0.523,0.364,0.685,2,7,0
0.241,1,3,0.538,0.703,0.486,2,6,0
0.36,2,1,0.301,0.503,0.154,1,4,0
0.641,1,1,0.047,0.814,0.221,0,4,1
0.164,2,3,0.55,0.72,0.535,1,9,0
0.464,1,3,0.863,0.231,0.607,2,6,0
0.182,1,2,0.912,0.326,0.574,1,9,0
0.994,2,2,0.856,0.506,0.566,0,4,1
0.322,2,1,0.137,0.321,0.535,1,4,0
0.917,2,3,0.372,0.807,0.094,1,10,1
0.407,2,3,0.046,0.155,0.598,1,10,0
0.761,1,2,0.758,0.154,0.551,1,8,0
0.481,2,1,0.442,0.469,0.026,1,3,0
0.155,3,2,0.755,0.464,0.253,1,10,0
0.677,1,1,0.098,0.481,0.506,0,8,1
0.305,1,2,0.821,0.776,0.622,1,7,0
0.392,2,1,0.563,0.672,0.268,1,8,1
0.777,3,2,0.186,0.528,0.687,1,15,0
0.997,2,1,0.445,0.417,0.175,1,9,0
0.229,1,2,0.208,0.86,0.494,1,15,0
0.461,2,1,0.218,0.692,0.251,1,15,0
0.554,2,3,0.694,0.607,0.285,1,7,0
0.943,2,1,0.694,0.591,0.164,1,8,0
0.334,2,3,0.772,0.788,0.481,1,10,1
0.476,1,2,0.429,0.957,0.229,1,7,0
0.383,3,2,0.058,0.656,0.225,1,10,0
0.894,2,1,0.436,0.711,0.241,1,4,0
0.876,1,1,0.845,0.831,0.369,0,10,1
0.462,1,1,0.706,0.455,0.144,0,5,0
0.233,1,2,0.83,0.106,0.053,1,10,0
0.209,2,2,0.158,0.107,0.115,0,15,0
0.36,3,1,0.375,0.404,0.387,2,4,0
0.96,1,1,0.187,0.207,0.6,0,5,0
0.995,3,2,0.184,0.795,0.01,1,9,1
0.846,1,1,0.451,0.422,0.018,0,3,0
0.826,1,1,0.888,0.4,0.136,0,3,0
0.362,1,2,0.184,0.209,0.289,1,7,0
0.301,1,3,0.279,0.863,0.308,2,10,0
0.317,3,3,0.033,0.005,0.156,0,9,0
0.393,1,3,0.613,0.156,0.245,2,15,0
0.729,1,2,0.701,0.738,0.157,1,10,1
0.875,1,2,0.222,0.895,0.083,1,3,1
0.795,2,3,0.42,0.059,0.581,1,9,0
0.842,2,2,0.356,0.863,0.387,0,6,1
0.338,3,2,0.723,0.627,0.262,1,15,0
0.491,1,2,0.754,0.419,0.347,1,3,1
0.591,3,1,0.595,0.715,0.072,2,5,1
0.17,2,1,0.62,0.777,0.661,1,7,0
0.615,1,1,0.348,0.585,0.121,0,6,1
0.256,1,1,0.81,0.245,0.047,0,8,1
0.976,1,2,0.284,0.618,0.511,1,3,1
0.464,3,2,0.695,0.813,0.566,1,6,0
0.78,1,1,0.394,0.193,0.114,0,5,0
0.219,3,3,0.538,0.027,0.395,0,6,1
0.848,2,3,0.058,0.753,0.063,1,8,0
0.454,3,1,0.118,0.601,0.094,2,6,0
0.461,1,2,0.278,0.481,0.216,1,4,0
0.446,3,1,0.566,0.775,0.188,2,10,0
0.987,1,2,0.076,0.586,0.127,1,6,1
0.435,3,2,0.473,0.401,0.661,1,5,0
0.558,2,1,0.701,0.252,0.072,1,9,1
0.828,1,1,0.66,0.026,0.4,0,15,0
0.384,1,3,0.106,0.27,0.134,2,8,0
0.874,2,1,0.72,0.01,0.066,1,5,1
0.676,2,3,0.851,0.238,0.589,1,10,0
0.515,1,1,0.374,0.261,0.424,0,7,0
0.238,1,2,0.628,0.502,0.165,1,8,0
0.586,1,1,0.303,0.591,0.515,0,15,0
0.137,2,1,0.962,0.634,0.581,1,6,0
0.63,3,3,0.943,0.43,0.067,0,5,1
0.745,3,1,0.883,0.29,0.303,2,8,0
0.807,2,3,0.541,0.735,0.371,1,8,0
0.74,2,1,0.74,0.135,0.552,1,7,0
0.213,3,1,0.862,0.779,0.254,2,8,0
0.172,3,1,0.184,0.392,0.389,2,8,1
0.196,1,3,0.406,0.353,0.557,2,7,0
0.597,1,1,0.646,0.589,0.176,0,4,0
0.253,1,2,0.57,0.246,0.191,1,5,0
0.809,3,1,0.831,0.702,0.292,2,10,1
0.469,1,2,0.828,0.262,0.582,1,3,0
0.425,1,2,0.647,0.185,0.334,1,3,0
0.653,1,1,0.246,0.737,0.059,0,6,1
0.26,1,1,0.95,0.298,0.325,0,6,1
0.105,1,3,0.144,0.42,0.015,2,10,0
0.388,2,3,0.418,0.4,0.646,1,3,0
0.492,1,3,0.713,0.391,0.153,2,8,1
0.615,1,2,0.09,0.463,0.14,1,9,0
0.872,3,1,0.787,0.111,0.688,2,4,1
0.943,3,2,0.3,0.259,0.499,1,6,0
0.45,2,3,0.197,0.9,0.201,1,5,0
0.693,2,2,0.894,0.523,0.334,0,3,1
0.723,2,1,0.819,0.604,0.126,1,9,0
0.526,2,1,0.998,0.1,0.385,1,10,0
0.608,1,1,0.287,0.3,0.128,0,6,1
0.34,2,1,0.269,0.078,0.347,1,9,0
0.817,3,2,0.57,0.824,0.401,1,3,1
0.887,3,1,0.418,0.37,0.158,2,3,0
0.521,1,2,0.063,0.516,0.514,1,3,0
0.103,2,3,0.886,0.227,0.612,1,10,0
0.341,1,2,0.78,0.391,0.195,1,3,0
0.129,1,3,0.427,0.477,0.054,2,7,0
0.683,2,2,0.505,0.737,0.206,0,15,1
0.291,1,3,0.752,0.396,0.263,2,8,0
0.331,2,2,0.755,0.849,0.092,0,9,1
0.828,1,3,0.087,0.368,0.208,2,8,0
0.772,3,2,0.475,0.034,0.042,1,5,0
0.199,3,2,0.65,0.308,0.029,1,15,0
0.361,1,2,0.033,0.363,0.527,1,3,0
0.323,2,1,0.211,0.915,0.414,1,9,0
0.496,1,3,0.791,0.022,0.283,2,4,0
0.222,3,2,0.911,0.183,0.287,1,7,0
0.653,3,2,0.329,0.452,0.453,1,15,0
0.709,1,3,0.415,0.387,0.526,2,7,0
0.252,3,3,0.756,0.694,0.608,0,9,1
0.859,3,3,0.637,0.323,0.015,0,5,1
0.206,2,3,0.423,0.059,0.454,1,4,0
0.461,3,1,0.187,0.443,0.285,2,3,0
0.462,1,1,0.475,0.578,0.674,0,5,0
0.558,3,3,0.93,0.08,0.697,0,10,1
0.239,3,1,0.773,0.323,0.618,2,6,0
0.512,1,2,0.611,0.534,0.576,1,5,0
0.363,1,3,0.687,0.206,0.487,2,6,0
0.178,1,3,0.602,0.958,0.212,2,3,1
0.423,3,1,0.994,0.61,0.293,2,5,1
0.406,3,2,0.996,0.439,0.001,1,15,1
0.999,1,2,0.659,0.561,0.359,1,6,0
0.728,3,2,0.725,0.678,0.518,1,4,0
0.552,1,3,0.271,0.386,0.264,2,6,0
0.409,3,1,0.103,0.528,0.605,2,7,0
0.623,3,3,0.511,0.658,0.631,0,8,1
0.946,1,3,0.977,0.114,0.038,2,9,0
0.138,1,3,0.031,0.204,0.359,2,4,0
0.462,3,3,0.174,0.166,0.662,0,7,0
0.858,2,1,0.458,0.752,0.021,1,15,1
0.622,2,3,0.467,0.951,0.129,1,7,1
0.477,1,1,0.719,0.423,0.415,0,9,0
0.254,2,3,0.033,0.406,0.093,1,5,0
0.316,1,1,0.994,0.456,0.445,0,9,1
0.911,2,3,0.381,0.281,0.153,1,5,0
0.401,3,1,0.081,0.68,0.613,2,3,0
0.366,3,1,0.658,0.93,0.1,2,8,1
0.637,3,1,0.459,0.09,0.648,2,6,1
0.596,2,3,0.059,0.57,0.284,1,9,0
0.504,1,2,0.318,0.918,0.206,1,7,1
0.419,3,1,0.7,0.764,0.179,2,10,0
0.801,2,2,0.827,0.68,0.68,0,7,0
0.909,3,3,0.57,0.147,0.247,0,10,1
0.432,3,1,0.961,0.4,0.107,2,6,0
0.443,2,3,0.408,0.604,0.437,1,4,1
0.623,3,3,0.905,0.817,0.677,0,5,0
0.956,1,1,0.961,0.605,0.271,0,5,1
0.475,1,3,0.583,0.966,0.664,2,5,0
0.41,3,3,0.657,0.985,0.636,0,5,0
0.764,3,3,0.735,0.548,0.151,0,9,1
0.518,2,2,0.012,0.451,0.131,0,4,1
0.573,1,2,0.895,0.523,0.607,1,6,1
0.28,3,3,0.085,0.746,0.683,0,5,0
0.126,1,3,0.698,0.29,0.035,2,9,0
0.655,3,2,0.741,0.944,0.67,1,6,0
0.884,3,2,0.118,0.936,0.05,1,6,0
0.617,2,3,0.47,0.152,0.445,1,3,0
0.586,3,2,0.16,0.327,0.47,1,5,0
0.11,3,1,0.519,0.97,0.454,2,6,0
0.309,3,2,0.609,0.932,0.695,1,4,0
0.335,3,3,0.94,0.401,0.641,0,15,0
0.981,1,2,0.534,0.649,0.6,1,3,1
0.693,1,3,0.408,0.628,0.002,2,4,0
0.488,2,3,0.915,0.978,0.107,1,7,0
0.106,1,2,0.121,0.795,0.215,1,5,0
0.968,3,2,0.85,0.194,0.462,1,4,1
0.547,2,2,0.991,0.196,0.119,0,8,1
0.477,3,1,0.147,0.762,0.126,2,8,0
0.77,3,1,0.516,0.598,0.05,2,6,1
0.136,2,2,0.275,0.732,0.567,0,10,0
0.648,2,3,0.959,0.493,0.018,1,9,0
0.797,2,1,0.692,0.986,0.646,1,10,1
0.169,3,1,0.977,0.071,0.33,2,15,0
0.977,1,3,0.166,0.483,0.167,2,15,0
0.171,2,1,0.605,0.384,0.68,1,4,0
0.419,1,1,0.729,0.344,0.381,0,4,1
0.852,2,2,0.669,0.271,0.561,0,6,0
0.205,2,2,0.003,0.047,0.344,0,7,1
0.321,1,2,0.117,0.717,0.223,1,7,0
0.995,1,3,0.15,0.604,0.552,2,4,0
0.122,1,1,0.767,0.589,0.276,0,3,1
0.435,3,2,0.628,0.555,0.479,1,3,0
0.581,1,3,0.698,0.152,0.225,2,4,0
0.444,3,1,0.722,0.437,0.42,2,8,0
0.219,1,2,0.3,0.933,0.423,1,3,0
0.557,1,2,0.043,0.762,0.588,1,15,0
0.972,3,3,0.117,0.168,0.685,0,4,0
0.751,3,1,0.079,0.629,0.685,2,6,0
0.919,2,3,0.276,0.379,0.067,1,8,0
0.409,2,1,0.594,0.241,0.461,1,9,1
0.995,3,1,0.314,0.672,0.111,2,10,0
0.528,2,2,0.726,0.363,0.195,0,3,0
0.711,3,1,0.08,0.773,0.643,2,4,0
0.771,3,3,0.272,0.572,0.51,0,10,0
0.998,1,2,0.703,0.873,0.126,1,9,0
0.427,1,3,0.535,0.138,0.269,2,3,0
0.538,3,2,0.517,0.907,0.004,1,3,1
0.831,2,1,0.434,0.237,0.277,1,3,0
0.216,3,3,0.429,0.887,0.061,0,3,0
0.629,1,3,0.118,0.86,0.411,2,5,1
0.767,3,1,0.608,0.029,0.255,2,8,0
0.28,2,3,0.597,0.757,0.398,1,6,0
0.617,1,3,0.717,0.969,0.029,2,9,1
0.877,2,2,0.934,0.349,0.57,0,8,1
0.346,3,2,0.286,0.591,0.096,1,15,0
0.353,2,1,0.124,0.926,0.158,1,3,0
0.209,3,2,0.529,0.595,0.244,1,7,0
0.861,2,1,0.597,0.398,0.284,1,8,1
0.544,2,2,0.012,0.052,0.49,0,9,1
0.478,1,2,0.01,0.31,0.296,1,10,0
0.239,2,1,0.197,0.902,0.284,1,4,0
0.429,1,1,0.068,0.374,0.139,0,6,0
0.671,1,2,0.423,0.423,0.566,1,8,0
0.615,2,1,0.209,0.129,0.179,1,8,0
0.61,1,3,0.745,0.71,0.678,2,6,1
0.83,3,3,0.054,0.939,0.643,0,10,1
0.94,1,3,0.576,0.758,0.653,2,9,0
0.769,2,1,0.43,0.848,0.283,1,9,0
0.598,1,2,0.264,0.881,0.499,1,15,0
0.592,1,1,0.971,0.374,0.328,0,10,0
0.821,1,1,0.806,0.542,0.171,0,4,1
0.248,3,1,0.19,0.36,0.342,2,5,0
0.643,2,1,0.566,0.213,0.478,1,9,0
0.136,3,1,0.815,0.922,0.226,2,10,0
0.874,3,2,0.918,0.187,0.116,1,5,1
0.581,2,1,0.686,0.652,0.033,1,3,0
0.326,1,1,0.761,0.065,0.432,0,5,0
0.364,1,1,0.605,0.962,0.346,0,15,1
0.647,3,1,0.328,0.483,0.574,2,7,0
0.214,2,2,0.436,0.058,0.648,0,4,0
0.963,1,2,0.789,0.029,0.502,1,6,1
0.239,2,1,0.914,0.993,0.507,1,10,0
0.52,1,3,0.506,0.939,0.29,2,3,0
0.462,2,2,0.003,0.73,0.02,0,15,1
0.314,1,3,0.503,0.335,0.219,2,7,0
0.359,3,3,0.298,0.824,0.448,0,3,1
0.546,1,2,0.782,0.675,0.608,1,8,0
0.485,2,1,0.842,0.138,0.398,1,9,0
0.112,1,3,0.662,0.245,0.283,2,8,0
0.814,2,2,0.729,0.883,0.557,0,7,1
0.341,3,1,0.523,0.486,0.41,2,6,0
0.729,3,3,0.708,0.679,0.524,0,4,1
0.923,3,3,0.889,0.427,0.412,0,8,1
0.354,3,2,0.775,0.8,0.145,1,9,1
0.215,3,2,0.101,0.222,0.413,1,4,0
0.593,3,3,0.075,0.935,0.374,0,4,1
0.359,2,3,0.073,0.228,0.011,1,10,0
0.729,1,3,0.972,0.137,0.135,2,7,0
0.37,3,2,0.747,0.162,0.278,1,10,1
0.562,3,1,0.205,0.526,0.636,2,15,0
0.684,1,2,0.067,0.33,0.383,1,15,1
0.728,3,3,0.642,0.2,0.506,0,9,1
0.773,3,2,0.391,0.599,0.681,1,8,0
0.718,3,2,0.193,0.269,0.543,1,15,0
0.103,3,1,0.395,0.858,0.311,2,4,1
0.589,3,2,0.401,0.88,0.292,1,3,1
0.39,2,2,0.951,0.732,0.479,0,8,1
0.934,2,2,0.888,0.322,0.526,0,8,1
0.969,2,1,0.052,0.47,0.192,1,15,0
0.569,2,2,0.683,0.808,0.599,0,8,1
0.444,2,2,0.862,0.325,0.108,0,7,1
0.561,3,1,0.802,0.472,0.207,2,6,0
0.466,3,1,0.836,0.998,0.012,2,10,0
0.757,2,1,0.046,0.02,0.172,1,7,0
0.341,1,1,0.045,0.513,0.288,0,8,0
0.587,3,3,0.777,0.535,0.021,0,7,0
0.291,3,2,0.638,0.578,0.409,1,10,0
0.881,3,2,0.337,0.878,0.094,1,5,0
0.199,2,1,0.299,0.389,0.189,1,3,0
0.419,2,3,0.974,0.752,0.345,1,3,0
0.548,3,3,0.019,0.953,0.401,0,8,0
0.665,3,2,0.001,0.045,0.461,1,7,0
0.686,1,2,0.911,0.801,0.679,1,5,1
0.352,1,1,0.041,0.469,0.591,0,4,0
0.496,2,2,0.363,0.471,0.373,0,8,0
0.202,2,3,0.267,0.067,0.63,1,15,0
0.281,3,3,0.32,0.522,0.507,0,15,0
0.727,2,1,0.647,0.106,0.294,1,6,1
0.902,1,3,0.377,0.737,0.252,2,7,1
0.478,2,1,0.849,0.293,0.361,1,10,1
0.102,2,3,0.967,0.182,0.413,1,4,0
0.984,3,1,0.469,0.923,0.559,2,15,1
0.801,2,3,0.312,0.823,0.575,1,15,0
0.121,2,2,0.725,0.928,0.165,0,6,0
0.207,3,1,0.884,0.503,0.405,2,6,0
0.845,1,2,0.316,0.036,0.569,1,7,0
0.743,3,3,0.281,0.638,0.039,0,10,0
0.623,3,2,0.421,0.259,0.439,1,8,0
0.634,1,3,0.541,0.989,0.615,2,3,0
0.774,2,1,0.32,0.514,0.247,1,3,0
0.372,3,3,0.391,0.988,0.533,0,9,0
0.289,2,1,0.525,0.55,0.31,1,5,0
0.717,2,2,0.681,0.079,0.166,0,5,1
0.668,3,2,0.738,0.603,0.442,1,15,0
0.592,1,3,0.523,0.928,0.453,2,9,0
0.806,1,1,0.649,0.511,0.094,0,10,1
0.462,3,1,0.873,0.76,0.676,2,3,0
0.219,2,1,0.388,0.779,0.413,1,6,0
0.915,3,3,0.304,0.663,0.595,0,10,0
0.318,2,2,0.511,0.044,0.344,0,9,0
0.805,1,2,0.691,0.997,0.134,1,3,0
0.498,3,3,0.899,0.102,0.12,0,6,1
0.396,3,2,0.44,0.043,0.591,1,3,0
0.679,3,3,0.223,0.478,0.422,0,7,0
0.352,1,3,0.209,0.311,0.687,2,4,0
0.378,2,3,0.102,0.951,0.456,1,5,0
0.98,2,3,0.99,0.851,0.139,1,4,1
0.775,3,3,0.639,0.602,0.521,0,10,0
0.584,1,3,0.267,0.232,0.681,2,9,0
0.337,2,1,0.819,0.575,0.205,1,9,0
0.485,2,1,0.938,0.814,0.046,1,8,1
0.783,3,2,0.582,0.662,0.608,1,10,0
0.736,1,1,0.663,0.601,0.492,0,6,1
0.454,3,1,0.137,0.774,0.146,2,4,0
0.431,3,1,0.227,0.662,0.45,2,7,0
0.869,3,3,0.739,0.373,0.385,0,15,1
0.49,2,1,0.3,0.024,0.327,1,9,0
0.738,2,3,0.632,0.177,0.086,1,8,0
0.685,3,3,0.115,0.487,0.519,0,4,0
0.403,1,3,0.094,0.898,0.054,2,15,1
0.851,2,2,0.838,0.891,0.069,0,10,1
0.9,3,1,0.694,0.591,0.572,2,10,0
0.762,1,1,0.536,0.591,0.503,0,7,0
0.997,1,1,0.425,0.771,0.02,0,8,0
0.774,3,3,0.819,0.726,0.41,0,4,1
0.27,2,3,0.378,0.452,0.086,1,9,0
0.957,1,2,0.915,0.14,0.219,1,7,1
0.955,1,1,0.134,0.134,0.594,0,6,1
0.63,1,3,0.438,0.072,0.692,2,9,0
0.902,2,1,0.474,0.358,0.518,1,10,0
0.395,3,1,0.274,0.304,0.57,2,3,0
0.29,2,2,0.908,0.063,0.213,0,9,0
0.226,2,2,0.246,0.814,0.077,0,5,1
0.16,3,3,0.381,0.782,0.25,0,8,1
0.782,3,2,0.851,0.183,0.48,1,7,0
0.369,1,3,0.323,0.026,0.649,2,5,0
0.401,1,2,0.779,0.729,0.685,1,7,0
0.459,1,1,0.573,0.181,0.637,0,7,0
0.317,1,2,0.378,0.066,0.648,1,4,0
0.534,3,1,0.114,0.829,0.104,2,10,0
0.52,2,3,0.008,0.214,0.094,1,3,0
0.357,2,1,0.514,0.496,0.305,1,3,0
0.824,3,3,0.536,0.052,0.07,0,6,1
0.286,1,2,0.229,0.325,0.657,1,10,0
0.254,1,3,0.078,0.945,0.01,2,10,1
0.654,2,2,0.129,0.631,0.224,0,10,0
0.466,3,2,0.822,0.652,0.002,1,6,1
0.828,1,3,0.743,0.372,0.184,2,3,0
0.148,1,2,0.874,0.054,0.671,1,8,0
0.117,2,2,0.741,0.916,0.097,0,4,1
0.238,2,2,0.075,0.409,0.026,0,8,0
0.61,1,2,0.893,0.095,0.602,1,6,0
0.567,1,1,0.032,0.136,0.096,0,8,1
0.98,1,2,0.378,0.184,0.123,1,3,1
0.697,3,1,0.758,0.758,0.595,2,7,0
0.288,3,1,0.364,0.101,0.159,2,15,0
0.976,1,2,0.336,0.158,0.513,1,9,0
0.4,1,2,0.773,0.304,0.35,1,7,0
0.485,1,2,0.429,0.173,0.409,1,7,0
0.149,3,2,0.637,0.951,0.173,1,10,0
0.88,1,3,0.625,0.277,0.401,2,5,0
0.847,2,2,0.688,0.405,0.542,0,9,0
0.464,2,2,0.764,0.563,0.046,0,9,0
0.433,1,3,0.916,0.872,0.358,2,9,0
0.34,2,3,0.698,0.219,0.283,1,5,0
0.497,2,3,0.318,0.924,0.276,1,6,0
0.605,3,1,0.762,0.689,0.648,2,15,0
0.773,1,3,0.755,0.29,0.614,2,9,0
0.633,2,1,0.641,0.103,0.332,1,9,0
0.77,3,1,0.94,0.931,0.227,2,7,0
0.396,3,1,0.413,0.429,0.468,2,4,0
0.585,2,1,0.616,0.566,0.413,1,15,0
0.169,1,3,0.083,0.354,0.157,2,9,0
0.564,1,1,0.023,0.695,0.062,0,6,0
0.442,2,1,0.943,0.691,0.543,1,7,0
0.481,2,1,0.556,0.959,0.633,1,5,0
0.348,1,2,0.398,0.118,0.685,1,6,0
0.368,2,2,0.838,0.397,0.226,0,5,1
0.732,2,1,0.598,0.751,0.144,1,10,1
0.938,3,1,0.395,0.631,0.21,2,7,0
0.698,3,3,0.911,0.11,0.449,0,7,0
0.18,2,2,0.682,0.451,0.471,0,15,1
0.396,3,2,0.107,0.111,0.073,1,8,0
0.614,1,3,0.602,0.401,0.503,2,3,0
0.173,1,1,0.476,0.232,0.68,0,9,0
0.691,1,1,0.281,0.957,0.192,0,15,0
0.339,3,2,0.494,0.062,0.05,1,6,1
0.995,3,2,0.578,0.091,0.28,1,4,0
0.143,2,1,0.151,0.656,0.646,1,15,0
0.476,2,3,0.999,0.926,0.283,1,4,0
0.642,1,1,0.258,0.292,0.085,0,8,1
0.335,1,1,0.075,0.996,0.147,0,3,0
0.609,3,3,0.1,0.096,0.586,0,15,0
0.172,2,1,0.791,0.099,0.491,1,4,0
0.222,3,1,0.996,0.098,0.477,2,7,0
0.702,1,3,0.803,0.162,0.653,2,4,0
0.207,3,2,0.137,0.459,0.442,1,10,0
0.168,3,3,0.369,0.213,0.305,0,9,0
0.486,3,1,0.038,0.072,0.388,2,10,0
0.974,3,3,0.999,0.986,0.085,0,5,1
0.237,2,3,0.237,0.284,0.034,1,8,0
0.146,3,1,0.389,0.663,0.676,2,9,0
0.833,2,3,0.497,0.167,0.226,1,7,0
0.102,3,1,0.934,0.363,0.341,2,10,0
0.637,3,2,0.426,0.276,0.368,1,7,0
0.984,3,2,0.106,0.221,0.041,1,8,0
0.413,3,2,0.778,0.917,0.146,1,7,0
0.867,1,2,0.156,0.448,0.507,1,9,1
0.688,2,1,0.476,0.367,0.181,1,3,1
0.873,3,1,0.005,0.921,0.078,2,9,0
0.96,2,3,0.512,0.861,0.182,1,4,0
0.103,3,3,0.6,0.98,0.288,0,7,0
0.824,1,1,0.472,0.486,0.375,0,5,1
0.748,1,1,0.14,0.351,0.555,0,5,0
0.263,3,2,0.471,0.155,0.009,1,5,0
0.422,3,1,0.273,0.591,0.208,2,3,0
0.599,2,2,0.89,0.605,0.081,0,4,0
0.942,2,2,0.194,0.667,0.578,0,10,0
0.248,3,1,0.792,0.531,0.092,2,9,0
0.676,3,1,0.599,0.359,0.343,2,10,0
0.126,3,2,0.102,0.017,0.051,1,7,0
0.741,2,2,0.872,0.243,0.054,0,5,0
0.559,1,2,0.556,0.93,0.184,1,10,1
0.895,1,3,0.51,0.551,0.123,2,15,0
0.301,2,3,0.642,0.222,0.241,1,3,0
0.305,3,1,0.097,0.585,0.081,2,10,0
0.926,1,3,0.014,0.822,0.282,2,8,0
0.962,2,2,0.698,0.784,0.415,0,3,1
0.35,3,2,0.603,0.895,0.0,1,9,0
0.144,2,3,0.801,0.359,0.107,1,9,1
0.16,1,1,0.234,0.389,0.294,0,7,0
0.904,1,2,0.093,0.399,0.101,1,6,0
0.604,2,1,0.358,0.588,0.386,1,3,0
0.275,3,3,0.613,0.398,0.43,0,9,1
0.371,2,1,0.532,0.86,0.126,1,5,1
0.227,2,1,0.767,0.174,0.211,1,7,1
0.738,2,1,0.942,0.111,0.232,1,9,0
0.395,2,3,0.928,0.315,0.197,1,9,1
0.549,2,2,0.452,0.015,0.194,0,6,0
0.292,3,3,0.6,0.144,0.556,0,8,1
0.3,1,1,0.525,0.322,0.376,0,6,1
0.118,1,3,0.617,0.605,0.275,2,4,0
0.189,2,1,0.026,0.951,0.42,1,4,0
0.587,1,1,0.59,0.905,0.251,0,9,1
0.289,1,2,0.752,0.396,0.69,1,6,1
0.308,1,2,0.008,0.5,0.211,1,5,1
0.186,3,3,0.244,0.049,0.404,0,8,0
0.54,2,1,0.646,0.085,0.043,1,5,0
0.683,2,2,0.377,0.099,0.102,0,7,0
0.158,3,2,0.002,0.368,0.679,1,10,0
0.659,1,2,0.727,0.227,0.2,1,6,1
0.311,2,3,0.768,0.651,0.328,1,7,0
0.361,3,1,0.782,0.288,0.172,2,4,0
0.95,2,1,0.92,0.196,0.43,1,10,0
0.485,2,2,0.177,0.711,0.238,0,10,0
0.784,1,1,0.554,0.125,0.549,0,8,0
0.149,3,1,0.156,0.074,0.505,2,6,0
0.202,2,2,0.024,0.626,0.476,0,10,0
0.284,1,2,0.123,0.135,0.139,1,8,0
0.164,1,3,0.284,0.379,0.445,2,15,0
0.299,2,1,0.606,0.084,0.2,1,6,1
0.126,3,1,0.57,0.245,0.581,2,15,0
0.727,1,1,0.26,0.703,0.051,0,8,1
0.664,2,2,0.755,0.38,0.146,0,15,0
0.193,3,2,0.413,0.554,0.561,1,4,0
0.407,1,1,0.098,0.919,0.098,0,7,0
0.127,2,2,0.393,0.804,0.115,0,5,0
0.879,1,1,0.488,0.872,0.258,0,7,1
0.411,1,3,0.392,0.489,0.584,2,9,0
0.98,2,3,0.426,0.529,0.358,1,5,1
0.822,2,1,0.307,0.708,0.581,1,5,0
0.963,3,2,0.383,0.13,0.397,1,8,0
0.229,3,1,0.751,0.054,0.295,2,9,0
0.261,1,3,0.441,0.74,0.492,2,6,0
0.89,1,2,0.437,0.073,0.403,1,8,0
0.267,1,3,0.984,0.293,0.345,2,3,0
0.41,2,1,0.374,0.723,0.325,1,15,1
0.69,2,3,0.53,0.024,0.161,1,4,0
0.6,1,3,0.731,0.774,0.135,2,5,0
0.934,3,3,0.923,0.703,0.222,0,10,1
0.757,1,1,0.671,0.395,0.285,0,15,1
0.104,1,1,0.027,0.988,0.618,0,3,0
0.748,3,1,0.388,0.292,0.643,2,7,0
0.883,1,2,0.849,0.205,0.527,1,9,1
0.811,1,3,0.405,0.939,0.484,2,4,0
0.443,2,2,0.891,0.64,0.177,0,5,1
0.987,2,1,0.114,0.28,0.501,1,6,1
0.659,1,2,0.05,0.908,0.651,1,3,1
0.909,2,3,0.715,0.392,0.333,1,3,0
0.144,3,3,0.735,0.734,0.404,0,7,1
0.161,2,2,0.406,0.061,0.169,0,15,0
0.718,2,1,0.274,0.191,0.444,1,6,0
0.512,2,3,0.639,0.506,0.138,1,4,0
0.565,2,2,0.841,0.381,0.313,0,10,1
0.132,3,3,0.103,0.037,0.622,0,15,0
0.681,1,1,0.107,0.484,0.072,0,15,0
0.482,3,3,0.571,0.978,0.079,0,9,1
0.621,3,1,0.414,0.521,0.465,2,10,0
0.747,1,1,0.375,0.333,0.685,0,7,1
0.585,3,3,0.15,0.348,0.229,0,8,1
0.957,1,3,0.163,0.579,0.415,2,5,0
0.694,1,2,0.335,0.468,0.544,1,3,1
0.397,2,2,0.605,0.929,0.299,0,6,1
0.887,1,2,0.205,0.006,0.552,1,10,1
0.779,2,1,0.255,0.593,0.568,1,4,0
0.83,3,3,0.371,0.061,0.224,0,7,1
0.971,1,1,0.941,0.804,0.327,0,3,1
0.608,2,1,0.639,0.125,0.505,1,6,0
0.744,1,2,0.456,0.95,0.555,1,4,1
0.784,2,3,0.481,0.14,0.09,1,15,0
0.279,3,1,0.146,0.061,0.31,2,3,0
0.745,2,2,0.489,0.141,0.207,0,3,1
0.693,3,1,0.757,0.662,0.69,2,9,0
0.71,3,2,0.71,0.631,0.076,1,9,1
0.459,2,3,0.723,0.407,0.028,1,9,0
0.311,2,3,0.713,0.779,0.011,1,5,1
0.842,2,2,0.682,0.945,0.69,0,8,1
0.513,1,1,0.579,0.957,0.128,0,7,1
0.661,1,2,0.478,0.459,0.253,1,6,0
0.786,2,1,0.083,0.493,0.448,1,8,1
0.732,1,1,0.419,0.069,0.496,0,3,0
0.221,2,3,0.262,0.561,0.502,1,10,0
0.638,3,2,0.289,0.919,0.142,1,15,0
0.422,1,3,0.403,0.6,0.075,2,4,0
0.446,3,3,0.387,0.505,0.289,0,7,0
0.316,1,2,0.693,0.023,0.145,1,9,0
0.232,3,2,0.264,0.142,0.275,1,5,0
0.548,1,1,0.689,0.29,0.028,0,5,1
0.452,1,2,0.79,0.086,0.467,1,8,1
0.122,2,2,0.877,0.28,0.577,0,9,0
0.283,1,1,0.988,0.879,0.487,0,8,0
0.861,1,1,0.812,0.381,0.499,0,4,0
0.151,1,3,0.589,0.589,0.368,2,4,0
0.569,3,3,0.967,0.004,0.658,0,5,0
0.984,1,1,0.335,0.336,0.666,0,5,0
0.146,3,3,0.221,0.23,0.646,0,10,0
0.18,2,3,0.025,0.394,0.374,1,4,0
0.223,3,3,0.303,0.429,0.047,0,10,0
0.983,2,3,0.22,0.847,0.61,1,4,1
0.414,3,3,0.245,0.947,0.472,0,9,0
0.283,2,1,0.095,0.619,0.203,1,4,0
0.226,2,2,0.733,0.606,0.332,0,8,0
0.782,1,2,0.69,0.406,0.34,1,4,0
0.531,1,1,0.409,0.658,0.38,0,6,1
0.573,3,3,0.655,0.667,0.017,0,5,1
0.461,3,2,0.444,0.159,0.298,1,15,1
0.729,1,2,0.99,0.448,0.278,1,8,1
0.595,3,3,0.967,0.602,0.624,0,3,1
0.623,1,1,0.136,0.808,0.396,0,8,0
0.532,1,2,0.38,0.434,0.682,1,3,0
0.269,3,1,0.317,0.369,0.519,2,4,0
0.947,2,2,0.33,0.125,0.309,0,15,1
0.614,1,2,0.867,0.59,0.664,1,8,0
0.581,2,2,0.526,0.08,0.08,0,3,1
0.686,1,2,0.27,0.004,0.422,1,5,0
0.502,2,1,0.626,0.35,0.324,1,3,0
0.631,1,1,0.34,0.123,0.512,0,3,1
0.556,3,3,0.754,0.036,0.193,0,3,1
0.679,2,1,0.851,0.149,0.127,1,9,0
0.839,3,1,0.014,0.561,0.269,2,10,0
0.118,1,2,0.651,0.812,0.55,1,9,1
0.732,3,3,0.635,0.451,0.167,0,3,0
0.394,3,2,0.305,0.092,0.449,1,8,0
0.71,2,3,0.903,0.256,0.504,1,6,0
0.374,2,1,0.281,0.219,0.231,1,9,0
0.978,3,3,0.199,0.823,0.248,0,7,1
0.808,3,2,0.655,0.741,0.16,1,9,0
0.869,2,2,0.518,0.216,0.685,0,6,1
0.875,2,1,0.924,0.473,0.367,1,7,1
0.796,3,3,0.218,0.409,0.563,0,7,1
0.884,3,2,0.867,0.431,0.418,1,3,1
0.787,2,3,0.032,0.319,0.042,1,5,0
0.461,1,2,0.197,0.733,0.006,1,5,0
0.782,1,2,0.227,0.567,0.488,1,10,0
0.86,3,2,0.667,0.315,0.444,1,3,1
0.933,1,2,0.11,0.422,0.235,1,3,0
0.72,3,1,0.658,0.005,0.695,2,15,1
0.289,1,2,0.597,0.885,0.097,1,6,0
0.776,3,1,0.079,0.858,0.531,2,4,1
0.315,2,1,0.401,0.576,0.192,1,5,0
0.835,1,2,0.906,0.551,0.588,1,8,1
0.146,2,3,0.715,0.496,0.37,1,8,0
0.408,1,1,0.798,0.26,0.53,0,4,0
0.392,1,2,0.344,0.477,0.631,1,8,0
0.716,3,2,0.136,0.454,0.022,1,5,0
0.197,2,2,0.095,0.2,0.31,0,5,0
0.701,2,3,0.762,0.375,0.296,1,5,0
0.332,1,3,0.258,0.174,0.297,2,4,0
0.805,2,3,0.933,0.392,0.01,1,9,1
0.175,2,1,0.923,0.24,0.553,1,8,0
0.492,2,1,0.712,0.941,0.218,1,15,1
0.839,3,1,0.677,0.704,0.293,2,4,0
0.957,1,3,0.92,0.28,0.16,2,15,0
0.378,2,2,0.65,0.85,0.063,0,3,1
0.647,1,3,0.145,0.401,0.256,2,5,0
0.314,1,2,0.442,0.255,0.33,1,10,0
0.649,1,1,0.748,0.718,0.205,0,7,1
0.177,3,2,0.883,0.203,0.209,1,8,0
0.816,1,3,0.981,0.686,0.599,2,10,0
0.71,1,3,0.585,0.321,0.286,2,10,0
0.451,2,1,0.857,0.809,0.637,1,15,1
0.485,3,3,0.503,0.614,0.521,0,6,0
0.24,1,3,0.9,0.594,0.172,2,8,0
0.711,2,1,0.359,0.778,0.08,1,15,0
0.539,2,3,0.74,0.643,0.242,1,4,0
0.277,2,1,0.006,0.274,0.036,1,9,0
0.569,3,1,0.745,0.494,0.429,2,7,0
0.892,1,2,0.761,0.594,0.352,1,3,1
0.801,2,1,0.273,0.009,0.547,1,10,0
0.368,1,1,0.789,0.536,0.507,0,15,1
0.14,1,2,0.173,0.83,0.466,1,3,0
0.382,1,1,0.545,0.245,0.263,0,5,1
0.189,3,1,0.174,0.658,0.118,2,15,0
0.717,1,3,0.122,0.881,0.47,2,9,0
0.857,1,3,0.086,0.537,0.474,2,10,0
0.764,3,3,0.706,0.013,0.524,0,10,1
0.266,1,2,0.699,0.023,0.091,1,4,0
0.97,1,2,0.561,0.457,0.304,1,3,0
0.704,3,2,0.006,0.321,0.126,1,8,1
0.199,3,3,0.304,0.753,0.436,0,7,0
0.478,2,2,0.389,0.142,0.277,0,4,0
0.508,2,3,0.684,0.078,0.307,1,4,0
0.708,3,2,0.241,0.415,0.099,1,8,0
0.221,2,2,0.544,0.765,0.267,0,3,1
0.545,2,3,0.478,0.098,0.381,1,7,0
0.142,3,3,0.761,0.14,0.481,0,7,0
0.965,2,2,0.176,0.297,0.274,0,9,1
0.297,2,2,0.416,0.951,0.077,0,4,0
0.257,3,3,0.227,0.102,0.13,0,9,0
0.763,1,2,0.027,0.887,0.291,1,7,0
0.439,3,2,0.927,0.387,0.357,1,6,0
0.603,1,1,0.486,0.003,0.195,0,6,1
0.304,1,1,0.747,0.766,0.404,0,5,0
0.736,3,2,0.935,0.114,0.451,1,9,1
0.301,1,2,0.743,0.044,0.185,1,5,0
0.174,2,2,0.48,0.17,0.359,0,15,1
0.179,1,2,0.652,0.446,0.408,1,10,0
0.503,3,3,0.656,0.729,0.586,0,10,0
0.623,2,1,0.93,0.624,0.04,1,5,1
0.212,2,2,0.988,0.546,0.286,0,8,0
0.185,3,1,0.433,0.535,0.071,2,10,0
0.821,3,1,0.993,0.313,0.603,2,6,0
0.251,2,2,0.449,0.981,0.257,0,5,0
0.778,1,2,0.218,0.419,0.214,1,15,0
0.18,1,3,0.648,0.526,0.483,2,3,0
0.98,1,1,0.643,0.698,0.08,0,3,1
0.483,2,3,0.172,0.348,0.557,1,9,0
0.985,1,1,0.077,0.422,0.084,0,15,1
0.621,1,1,0.243,0.31,0.421,0,5,0
0.775,2,1,0.342,0.516,0.233,1,9,0
0.838,1,3,0.759,0.68,0.642,2,4,1
0.866,3,1,0.911,0.218,0.442,2,8,1
0.828,1,1,0.323,0.834,0.49,0,4,0
0.859,2,1,0.905,0.832,0.607,1,4,0
0.992,3,1,0.696,0.188,0.568,2,9,0
0.638,2,3,0.773,0.258,0.577,1,7,0
0.184,2,1,0.009,0.218,0.037,1,10,0
0.569,3,1,0.651,0.338,0.671,2,9,0
0.375,3,2,0.915,0.538,0.095,1,3,0
0.774,3,2,0.483,0.866,0.492,1,6,1
0.951,1,1,0.877,0.419,0.356,0,6,0
0.523,2,1,0.121,0.453,0.335,1,6,0
0.977,3,3,0.172,0.92,0.214,0,5,0
0.951,1,3,0.23,0.688,0.368,2,3,0
0.921,1,2,0.902,0.734,0.304,1,4,0
0.19,2,3,0.873,0.29,0.118,1,7,1
0.987,1,2,0.007,0.157,0.196,1,7,0
0.416,1,2,0.657,0.118,0.515,1,8,0
0.347,3,2,0.495,0.803,0.2,1,6,0
0.658,1,2,0.311,0.897,0.327,1,5,1
0.392,1,3,0.909,0.684,0.437,2,5,0
0.168,1,2,0.32,0.027,0.14,1,7,0
0.62,1,1,0.48,0.035,0.67,0,9,0
0.698,2,3,0.347,0.6,0.543,1,6,0
0.184,2,3,0.782,0.093,0.046,1,6,0
0.115,3,2,0.127,0.793,0.548,1,5,0
0.441,3,2,0.41,0.178,0.521,1,6,0
0.707,3,2,0.209,0.605,0.667,1,8,1
0.961,3,2,0.732,0.381,0.632,1,15,1
0.828,2,3,0.177,0.176,0.174,1,5,0
0.409,2,1,0.578,0.269,0.238,1,8,1
0.783,3,3,0.989,0.634,0.655,0,7,0
0.929,3,2,0.807,0.866,0.174,1,9,1
0.289,3,2,0.328,0.096,0.603,1,7,0
0.822,3,3,0.798,0.201,0.026,0,8,1
0.595,2,2,0.74,0.212,0.192,0,9,0
0.565,2,3,0.579,0.43,0.412,1,10,1
0.731,2,1,0.872,0.7,0.599,1,9,0
0.177,2,1,0.026,0.621,0.636,1,6,0
0.335,3,2,0.392,0.932,0.314,1,8,0
0.755,1,3,0.505,0.653,0.054,2,3,0
0.446,3,3,0.683,0.293,0.394,0,6,1
0.287,2,2,0.575,0.611,0.448,0,8,1
0.979,2,3,0.335,0.324,0.637,1,9,0
0.737,1,1,0.825,0.484,0.218,0,7,0
0.816,2,3,0.588,0.072,0.582,1,8,0
0.212,1,3,0.859,0.844,0.231,2,15,0
0.735,2,2,0.875,0.428,0.121,0,7,1
0.811,3,3,0.647,0.411,0.529,0,6,0
0.466,3,1,0.323,0.868,0.47,2,8,0
0.748,1,1,0.439,0.022,0.056,0,9,0
0.176,3,2,0.643,0.649,0.001,1,15,0
0.233,3,2,0.759,0.49,0.245,1,3,0
0.449,2,3,0.422,0.147,0.662,1,7,0
0.353,3,3,0.378,0.595,0.282,0,6,1
0.583,3,2,0.44,0.963,0.137,1,9,1
0.743,3,1,0.838,0.902,0.314,2,10,1
0.88,2,3,0.413,0.462,0.3,1,5,0
0.949,2,3,0.614,0.538,0.488,1,15,0
0.645,2,2,0.613,0.265,0.347,0,7,0
0.947,3,2,0.848,0.713,0.097,1,10,0
0.808,1,2,0.389,0.962,0.549,1,9,0
0.353,2,2,0.421,0.872,0.016,0,8,1
0.637,2,2,0.754,0.2,0.062,0,6,0
0.287,3,3,0.718,0.588,0.552,0,7,0
0.817,2,1,0.242,0.398,0.508,1,7,0
0.409,3,3,0.657,0.983,0.56,0,8,1
0.958,1,2,0.43,0.865,0.091,1,3,0
0.924,3,1,0.26,0.763,0.603,2,3,0
0.614,1,2,0.585,0.07,0.515,1,8,0
0.17,3,3,0.592,0.689,0.418,0,9,0
0.994,1,2,0.502,0.548,0.478,1,10,0
0.349,2,2,0.449,0.077,0.511,0,4,0
0.788,2,2,0.721,0.511,0.468,0,9,1
0.686,2,3,0.016,0.548,0.103,1,8,0
0.432,2,1,0.527,0.978,0.41,1,4,1
0.248,1,1,0.574,0.692,0.003,0,5,1
0.917,1,3,0.242,0.316,0.587,2,15,0
0.923,1,1,0.876,0.253,0.248,0,15,1
0.129,2,1,0.552,0.308,0.607,1,4,0
0.76,3,2,0.865,0.34,0.183,1,5,1
0.395,2,3,0.874,0.282,0.012,1,5,0
0.303,3,2,0.992,0.481,0.158,1,15,0
0.714,2,2,0.479,0.414,0.648,0,4,1
0.972,2,1,0.141,0.076,0.472,1,15,0
0.341,2,1,0.349,0.772,0.374,1,15,0
0.428,1,3,0.328,0.694,0.342,2,3,0
0.57,3,1,0.917,0.886,0.556,2,15,0
0.397,3,1,0.377,0.84,0.681,2,8,0
0.26,3,3,0.22,0.206,0.598,0,15,0
0.615,3,3,0.055,0.892,0.536,0,6,0
0.159,2,1,0.704,0.866,0.132,1,5,0
0.241,3,2,0.745,0.608,0.259,1,6,0
0.862,3,1,0.515,0.736,0.071,2,5,0
0.274,1,2,0.088,0.99,0.207,1,6,1
0.894,2,1,0.321,0.362,0.594,1,3,1
0.828,2,1,0.672,0.01,0.309,1,4,0
0.655,3,2,0.664,0.407,0.43,1,8,0
0.466,3,2,0.326,0.432,0.525,1,7,1
0.603,1,2,0.939,0.598,0.069,1,7,1
0.15,2,3,0.804,0.684,0.654,1,3,0
0.194,3,2,0.69,0.748,0.688,1,4,1
0.906,3,1,0.664,0.727,0.446,2,5,0
0.211,3,1,0.152,0.141,0.577,2,4,0
0.549,3,2,0.836,0.402,0.455,1,9,0
0.127,1,3,0.086,0.631,0.348,2,3,1
0.612,1,3,0.352,0.662,0.444,2,5,0
0.596,2,1,0.031,0.049,0.141,1,10,0
0.341,2,2,0.805,0.616,0.515,0,15,1
0.21,3,1,0.901,0.35,0.207,2,3,0
0.996,3,3,0.948,0.023,0.651,0,9,1
0.442,2,1,0.262,0.552,0.121,1,9,0
0.862,2,2,0.693,0.263,0.668,0,8,1
0.622,2,3,0.584,0.871,0.444,1,8,0
0.967,2,2,0.329,0.204,0.066,0,8,1
0.221,3,3,0.443,0.559,0.372,0,9,0
0.728,3,1,0.389,0.623,0.166,2,3,0
0.215,1,1,0.992,0.843,0.016,0,6,1
0.108,2,3,0.753,0.482,0.412,1,4,0
0.654,1,1,0.76,0.509,0.145,0,7,0
0.569,2,3,0.57,0.73,0.392,1,7,1
0.74,1,3,0.048,0.26,0.566,2,8,0
0.496,3,1,0.957,0.239,0.251,2,9,0
0.676,3,3,0.73,0.331,0.155,0,10,1
0.601,3,3,0.529,0.759,0.283,0,9,0
0.399,3,1,0.368,0.661,0.415,2,15,0
0.885,1,3,0.901,0.526,0.115,2,4,0
0.239,2,3,0.514,0.21,0.306,1,9,0
0.368,2,2,0.502,0.485,0.287,0,9,1
0.822,1,2,0.575,0.48,0.188,1,10,1
0.171,2,2,0.322,0.636,0.057,0,8,0
0.738,3,3,0.623,0.629,0.647,0,7,0
0.512,2,3,0.636,0.087,0.48,1,15,0
0.899,1,1,0.839,0.429,0.226,0,4,0
0.657,2,3,0.406,0.257,0.157,1,8,1
0.422,3,3,0.403,0.436,0.621,0,15,0
0.314,3,3,0.955,0.008,0.566,0,8,0
0.836,1,1,0.837,0.835,0.277,0,4,0
0.395,2,2,0.145,0.652,0.109,0,15,1
0.587,3,3,0.167,0.215,0.541,0,9,0
0.144,3,3,0.694,0.52,0.178,0,4,0
0.887,1,1,0.91,0.275,0.556,0,15,1
0.855,2,1,0.375,0.87,0.307,1,15,1
0.988,2,2,0.273,0.104,0.242,0,3,1
0.627,2,2,0.856,0.041,0.623,0,9,0
0.224,1,1,0.395,0.048,0.233,0,7,0
0.157,3,2,0.409,0.691,0.497,1,5,0
0.428,1,2,0.97,0.171,0.06,1,6,0
0.875,3,2,0.549,0.497,0.238,1,4,0
0.448,2,2,0.398,0.26,0.66,0,15,1
0.774,1,1,0.831,0.446,0.427,0,8,1
0.803,3,3,0.505,0.697,0.657,0,10,1
0.433,1,2,0.096,0.573,0.482,1,7,0
0.249,1,2,0.62,0.672,0.301,1,5,0
0.706,1,3,0.57,0.517,0.451,2,7,0
0.491,2,1,0.481,0.78,0.408,1,8,0
0.753,2,3,0.835,0.649,0.496,1,6,0
0.489,2,2,0.801,0.657,0.071,0,5,0
0.753,3,1,0.487,0.266,0.429,2,6,0
0.201,1,1,0.994,0.36,0.325,0,3,1
0.955,3,1,0.766,0.252,0.318,2,7,1
0.165,3,1,0.173,0.262,0.376,2,8,0
0.55,2,2,0.648,0.255,0.156,0,10,1
0.454,2,1,0.62,0.876,0.262,1,8,1
0.875,3,3,0.018,0.367,0.261,0,8,0
0.638,2,3,0.409,0.362,0.351,1,3,1
0.908,3,3,0.118,0.773,0.184,0,6,1
0.315,3,3,0.302,0.736,0.551,0,3,0
0.519,2,2,0.634,0.4,0.415,0,4,1
0.981,3,3,0.246,0.59,0.504,0,7,1
0.414,2,3,0.713,0.572,0.696,1,10,0
0.436,2,1,0.608,0.037,0.323,1,9,1
0.17,2,1,0.758,0.616,0.022,1,10,0
0.946,2,3,0.033,0.573,0.452,1,15,0
0.638,3,2,0.904,0.313,0.476,1,5,1
0.818,3,3,0.771,0.81,0.165,0,9,1
0.709,2,2,1.0,0.998,0.553,0,8,0
0.816,3,2,0.058,0.527,0.285,1,5,1
0.584,2,1,0.801,0.779,0.677,1,4,0
0.651,1,2,0.911,0.272,0.033,1,7,1
0.672,3,3,0.923,0.227,0.284,0,8,1
0.795,3,1,0.951,0.414,0.538,2,7,0
0.12,3,3,0.011,0.768,0.681,0,3,0
0.706,1,2,0.843,0.805,0.542,1,15,0
0.451,1,2,0.181,0.514,0.682,1,9,0
0.757,3,1,0.141,0.946,0.495,2,15,0
0.571,2,1,0.672,0.939,0.073,1,6,0
0.25,2,1,0.805,0.627,0.116,1,4,0
0.627,3,1,0.843,0.547,0.564,2,7,0
0.782,2,3,0.273,0.452,0.185,1,8,0
0.263,3,1,0.109,0.819,0.196,2,4,0
0.719,3,2,0.085,0.85,0.634,1,9,0
0.269,1,1,0.553,0.687,0.101,0,15,1
0.634,2,3,0.301,0.838,0.506,1,4,0
0.908,2,3,0.135,0.939,0.182,1,3,0
0.335,3,2,0.975,0.244,0.17,1,4,1
0.499,3,1,0.002,0.207,0.272,2,10,0
0.455,2,3,0.573,0.469,0.338,1,9,0
0.535,1,2,0.377,0.971,0.166,1,8,1
0.479,2,2,0.186,0.689,0.046,0,4,0
0.138,3,3,0.049,0.524,0.361,0,7,1
0.451,3,3,0.162,0.222,0.158,0,7,0
0.816,2,1,0.589,0.615,0.327,1,4,0
0.391,3,1,0.387,0.753,0.426,2,7,0
0.612,3,3,0.015,0.719,0.525,0,7,1
0.833,1,3,0.053,0.705,0.417,2,15,1
0.877,3,3,0.142,0.574,0.131,0,9,1
0.11,2,1,0.067,0.175,0.673,1,6,0
0.458,1,1,0.402,0.781,0.239,0,3,1
0.202,3,3,0.708,0.735,0.53,0,10,1
0.349,1,3,0.232,0.142,0.59,2,8,0
0.78,2,3,0.083,0.192,0.587,1,9,0
0.315,2,2,0.918,0.851,0.336,0,9,1
0.794,3,1,0.734,0.345,0.018,2,7,1
0.827,1,1,0.087,0.151,0.38,0,8,1
0.956,3,1,0.932,0.707,0.396,2,8,0
0.876,2,1,0.857,0.1,0.65,1,3,1
0.411,3,3,0.303,0.452,0.04,0,5,1
0.94,2,2,0.253,0.005,0.065,0,6,0
0.668,3,2,0.559,0.321,0.167,1,4,0
0.508,2,2,0.858,0.458,0.606,0,3,1
0.302,2,3,0.931,0.942,0.459,1,10,0
0.701,1,2,0.76,0.843,0.447,1,3,1
0.259,3,3,0.725,0.791,0.524,0,8,0
0.985,2,1,0.302,0.995,0.238,1,7,0
0.873,3,2,0.725,0.303,0.611,1,6,0
0.587,2,2,0.162,0.387,0.6,0,3,0
0.802,3,3,0.718,0.891,0.252,0,7,0
0.472,1,3,0.473,0.105,0.036,2,7,0
0.426,3,2,0.15,0.743,0.293,1,10,1
0.449,3,2,0.943,0.21,0.355,1,3,0
0.622,3,2,0.528,0.507,0.67,1,8,0
0.11,2,3,0.182,0.379,0.413,1,9,1
0.567,2,3,0.768,0.782,0.333,1,10,0
0.901,2,3,0.205,0.596,0.328,1,9,1
0.301,2,2,0.07,0.589,0.616,0,4,1
0.494,1,3,0.597,0.988,0.086,2,5,1
0.814,2,1,0.287,0.54,0.631,1,5,0
0.716,1,3,0.589,0.052,0.1,2,6,0
0.441,2,2,0.566,0.814,0.623,0,7,0
0.712,1,1,0.191,0.399,0.241,0,10,0
0.453,1,3,0.344,0.599,0.063,2,10,0
0.144,2,3,0.886,0.861,0.185,1,15,1
0.579,2,3,0.632,0.245,0.082,1,15,0
0.33,2,1,0.529,0.35,0.218,1,3,0
0.977,2,1,0.365,0.76,0.212,1,3,0
0.874,2,2,0.544,0.551,0.446,0,3,0
0.138,3,1,0.249,0.59,0.091,2,4,0
0.131,1,2,0.56,0.621,0.502,1,9,0
0.956,3,2,0.566,0.662,0.378,1,10,1
0.897,2,1,0.252,0.203,0.558,1,5,0
0.611,2,2,0.916,0.174,0.572,0,9,1
0.203,1,3,0.557,0.234,0.532,2,3,0
0.117,1,2,0.312,0.702,0.125,1,4,1
0.119,3,1,0.082,0.159,0.492,2,10,0
0.43,2,2,0.62,0.067,0.193,0,4,1
0.899,2,2,0.65,0.415,0.612,0,3,0
0.42,2,2,0.276,0.681,0.4,0,3,1
0.749,1,2,0.292,0.481,0.636,1,15,0
0.825,1,3,0.952,0.013,0.677,2,5,0
0.72,1,1,0.426,0.398,0.495,0,4,0
0.402,3,2,0.075,0.154,0.094,1,15,0
0.733,3,2,0.044,0.634,0.005,1,4,0
0.547,2,1,0.35,0.669,0.019,1,5,1
0.864,1,1,0.238,0.55,0.505,0,5,0
0.505,1,1,0.754,0.831,0.403,0,8,1
0.634,1,3,0.909,0.344,0.675,2,8,0
0.17,1,1,0.282,0.802,0.452,0,5,0
0.914,2,2,0.696,0.334,0.655,0,4,0
0.967,1,1,0.583,0.299,0.567,0,5,1
0.411,1,3,0.07,0.517,0.382,2,7,0
0.957,2,3,0.434,0.728,0.165,1,10,1
0.894,2,1,0.63,0.297,0.445,1,8,0
0.66,2,2,0.362,0.519,0.115,0,4,1
0.465,3,3,0.867,0.851,0.156,0,3,0
0.652,3,2,0.928,0.047,0.564,1,3,0
0.213,2,1,0.626,0.581,0.293,1,3,0
0.109,1,1,0.478,0.419,0.248,0,5,0
0.251,2,1,0.126,0.695,0.678,1,7,0
0.931,1,1,0.595,0.413,0.42,0,4,0
0.342,3,3,0.332,0.975,0.639,0,10,1
0.95,1,1,0.396,0.752,0.129,0,4,1
0.964,2,1,0.879,0.421,0.679,1,4,0
0.213,3,2,0.611,0.797,0.152,1,7,0
0.376,1,3,0.762,0.575,0.446,2,9,0
0.92,2,1,0.983,0.788,0.558,1,6,0
0.118,1,1,0.742,0.166,0.538,0,10,0
0.313,2,1,0.605,0.011,0.504,1,3,0
0.733,3,2,0.407,0.056,0.21,1,7,0
0.506,2,2,0.318,0.249,0.516,0,3,0
0.356,3,2,0.599,0.249,0.28,1,3,0
0.499,2,3,0.225,0.811,0.187,1,6,0
0.308,3,2,0.854,0.4,0.013,1,5,0
0.72,1,1,0.334,0.513,0.391,0,6,1
0.818,3,1,0.934,0.099,0.155,2,6,0
0.324,3,1,0.423,0.208,0.127,2,4,0
0.237,2,3,0.539,0.933,0.015,1,6,0
0.513,1,2,0.916,0.242,0.243,1,9,1
0.324,1,2,0.709,0.327,0.573,1,8,0
0.392,2,2,0.634,0.054,0.411,0,3,1
0.237,3,2,0.393,0.818,0.473,1,4,1
0.659,2,1,0.321,0.813,0.599,1,15,0
0.132,2,1,0.844,0.771,0.053,1,8,0
0.414,3,3,0.961,0.223,0.482,0,4,0
0.887,1,2,0.358,0.333,0.348,1,4,0
0.453,1,3,0.131,0.174,0.36,2,7,0
0.116,2,1,0.671,0.12,0.287,1,15,0
0.903,3,1,0.874,0.433,0.221,2,3,0
0.946,2,2,0.607,0.042,0.108,0,9,1
0.423,3,1,0.306,0.42,0.312,2,6,0
0.48,3,1,0.109,0.042,0.536,2,4,0
0.789,2,3,0.217,0.733,0.595,1,5,0
0.562,3,1,0.038,0.557,0.377,2,9,0
0.447,1,3,0.473,0.555,0.08,2,15,0
0.18,3,3,0.046,0.353,0.294,0,8,0
0.695,2,3,0.536,0.334,0.28,1,5,0
0.258,1,3,0.488,0.012,0.664,2,3,0
0.985,1,2,0.447,0.673,0.661,1,6,0
0.417,2,3,0.724,0.018,0.361,1,3,0
0.3,2,3,0.76,0.604,0.667,1,8,1
0.33,2,2,0.892,0.608,0.143,0,7,1
0.337,1,3,0.723,0.944,0.265,2,10,0
0.882,2,1,0.425,0.763,0.625,1,8,0
0.416,3,1,0.997,0.796,0.575,2,6,0
0.18,1,1,0.589,0.916,0.459,0,5,1
0.129,2,2,0.331,0.529,0.673,0,6,0
0.523,2,3,0.2,0.482,0.169,1,9,0
0.601,1,2,0.108,0.592,0.113,1,7,0
0.706,1,3,0.058,0.852,0.101,2,8,0
0.361,2,2,0.296,0.024,0.04,0,3,0
0.77,1,3,0.843,0.666,0.41,2,10,0
0.512,3,2,0.097,0.51,0.095,1,6,1
0.819,2,3,0.059,0.249,0.154,1,3,0
0.362,2,1,0.986,0.157,0.215,1,10,0
0.742,1,3,0.413,0.438,0.398,2,7,0
0.449,3,2,0.1,0.619,0.485,1,9,1
0.403,2,1,0.004,0.778,0.442,1,5,0
0.217,2,2,0.452,0.039,0.268,0,4,1
0.171,2,2,0.102,0.519,0.516,0,15,0
0.249,3,1,0.413,0.883,0.008,2,9,1
0.588,1,1,0.488,0.85,0.152,0,15,1
0.348,3,2,0.8,0.614,0.409,1,9,1
0.226,2,2,0.303,0.611,0.58,0,5,1
0.244,2,3,0.544,0.694,0.104,1,9,1
0.163,2,2,0.042,0.235,0.054,0,4,0
0.884,3,3,0.381,0.032,0.107,0,4,0
0.809,3,2,0.006,0.762,0.469,1,4,1
0.509,1,3,0.124,0.873,0.398,2,4,0
0.824,3,2,0.956,0.125,0.221,1,5,0
0.754,2,1,0.289,0.56,0.468,1,3,1
0.171,1,1,0.111,0.198,0.049,0,15,0
0.381,2,1,0.157,0.922,0.488,1,4,0
0.629,1,3,0.361,0.31,0.315,2,3,0
0.347,1,2,0.1,0.807,0.632,1,15,0
0.291,1,2,0.763,0.198,0.184,1,9,0
0.526,1,2,0.6,0.458,0.463,1,3,0
0.341,1,2,0.266,0.215,0.695,1,15,0
0.644,1,1,0.393,0.247,0.075,0,7,1
0.834,2,2,0.017,0.963,0.05,0,5,1
0.828,2,3,0.557,0.234,0.046,1,8,0
0.953,1,1,0.027,0.088,0.586,0,15,0
0.68,2,2,0.226,0.407,0.066,0,3,1
0.36,1,3,0.4,0.281,0.203,2,7,0
0.441,3,3,0.272,0.636,0.571,0,7,0
0.521,3,1,0.988,0.246,0.566,2,10,0
0.104,1,1,0.654,0.445,0.665,0,8,0
0.379,1,1,0.444,0.809,0.571,0,4,1
0.896,2,2,0.832,0.107,0.492,0,3,1
0.121,1,2,0.334,0.268,0.206,1,9,0
0.305,1,3,0.565,0.666,0.363,2,9,0
0.933,2,1,0.48,0.94,0.16,1,3,0
0.754,2,1,0.311,0.244,0.001,1,5,0
0.464,2,1,0.957,0.214,0.27,1,10,0
0.511,1,3,0.869,0.994,0.152,2,9,0
0.239,3,1,0.793,0.495,0.506,2,15,0
0.861,2,1,0.836,0.858,0.679,1,5,0
0.693,2,2,0.701,0.553,0.465,0,6,1
0.281,1,3,0.391,0.895,0.337,2,3,0
0.429,3,1,0.825,0.641,0.334,2,10,0
0.207,3,1,0.393,0.121,0.095,2,15,0
0.941,2,2,0.209,0.75,0.275,0,15,1
0.503,1,3,0.646,0.939,0.464,2,8,0
0.862,1,3,0.132,0.599,0.166,2,4,0
0.987,2,1,0.362,0.954,0.408,1,5,0
0.867,1,1,0.389,0.329,0.435,0,3,1
0.7,1,1,0.818,0.667,0.525,0,9,1
0.163,3,2,0.968,0.46,0.393,1,15,1
0.953,1,3,0.512,0.001,0.471,2,6,0
0.373,2,3,0.687,0.832,0.437,1,15,0
0.53,1,1,0.264,0.674,0.153,0,7,0
0.544,2,2,0.856,0.949,0.172,0,8,0
0.752,1,1,0.772,0.606,0.089,0,15,1
0.891,1,3,0.727,0.411,0.525,2,9,0
0.209,2,3,0.223,0.063,0.441,1,3,0
0.472,1,1,0.424,0.69,0.305,0,6,1
0.663,3,2,0.274,0.066,0.593,1,6,0
0.803,3,1,0.659,0.068,0.4,2,8,1
0.91,1,2,0.805,0.886,0.445,1,4,1
0.899,1,3,0.568,0.461,0.182,2,5,0
0.382,3,2,0.684,0.414,0.18,1,7,0
0.323,3,3,0.542,0.63,0.537,0,15,1
0.975,1,1,0.221,0.074,0.548,0,9,1
0.644,3,2,0.085,0.025,0.393,1,8,0
0.413,3,3,0.91,0.66,0.486,0,5,0
0.578,3,3,0.098,0.052,0.646,0,5,1
0.757,2,1,0.412,0.954,0.328,1,9,1
0.12,1,1,0.535,0.19,0.356,0,3,1
0.388,3,2,0.468,0.619,0.397,1,6,0
0.973,3,2,0.853,0.196,0.581,1,8,0
0.161,3,2,0.269,0.816,0.178,1,4,1
0.532,1,2,0.012,0.988,0.674,1,15,0
0.965,2,2,0.104,0.958,0.324,0,5,1
0.6,3,1,0.796,0.85,0.144,2,15,1
0.458,1,3,0.146,0.032,0.663,2,5,0
0.995,3,1,0.799,0.139,0.326,2,3,0
0.715,3,3,0.441,0.525,0.058,0,9,0
0.786,2,1,0.472,0.545,0.105,1,3,1
0.504,1,2,0.253,0.55,0.096,1,4,0
0.745,2,1,0.629,0.613,0.301,1,8,1
0.662,3,3,0.709,0.327,0.232,0,3,0
0.897,1,3,0.538,0.513,0.433,2,7,0
0.216,1,1,0.418,0.208,0.033,0,10,1
0.317,1,1,0.003,0.154,0.458,0,6,0
0.715,3,2,0.807,0.275,0.697,1,4,0
0.791,1,3,0.112,0.849,0.392,2,9,0
0.299,2,3,0.386,0.84,0.549,1,15,0
0.708,1,2,0.374,0.249,0.601,1,7,1
0.117,1,2,0.004,0.436,0.185,1,15,0
0.81,2,3,0.656,0.552,0.07,1,10,1
0.228,2,1,0.586,0.83,0.119,1,7,1
0.423,2,2,0.615,0.818,0.458,0,9,1
0.747,1,3,0.331,0.122,0.586,2,5,0
0.727,1,1,0.324,0.661,0.686,0,15,1
0.51,2,2,0.74,0.636,0.165,0,7,1
0.464,2,3,0.364,0.746,0.473,1,4,1
0.923,1,3,0.435,0.817,0.224,2,5,0
0.734,3,1,0.082,0.538,0.281,2,10,0
0.629,1,2,0.802,0.02,0.636,1,15,0
0.557,3,3,0.432,0.759,0.33,0,7,0
0.218,3,3,0.328,0.992,0.154,0,7,0
0.428,1,2,0.564,0.045,0.516,1,10,0
0.546,3,3,0.188,0.983,0.062,0,10,0
0.818,1,2,0.468,0.018,0.214,1,5,0
0.325,3,1,0.549,0.104,0.698,2,8,0
0.613,1,2,0.659,0.798,0.076,1,5,1
0.799,1,2,0.061,0.379,0.365,1,15,1
0.513,3,3,0.636,0.748,0.091,0,15,1
0.749,1,2,0.39,0.687,0.644,1,4,0
0.773,3,3,0.479,0.837,0.423,0,5,1
0.67,2,1,0.211,0.696,0.655,1,10,0
0.894,3,3,0.365,0.353,0.58,0,15,0
0.561,3,2,0.776,0.652,0.382,1,10,0
0.318,3,3,0.004,0.909,0.398,0,6,0
0.356,3,3,0.653,0.98,0.595,0,7,0
0.381,3,2,0.277,0.901,0.462,1,3,0
0.623,1,3,0.771,0.744,0.095,2,8,1
0.309,2,1,0.689,0.83,0.695,1,3,0
0.76,1,3,0.209,0.341,0.457,2,15,0
0.664,3,2,0.812,0.862,0.519,1,9,1
0.87,2,3,0.497,0.507,0.156,1,9,0
0.818,1,1,0.991,0.378,0.368,0,3,1
0.96,1,3,0.098,0.057,0.31,2,10,0
0.449,3,3,0.026,0.637,0.135,0,3,0
0.581,2,1,0.715,0.584,0.104,1,15,1
0.112,1,2,0.13,0.409,0.412,1,15,0
0.789,3,1,0.93,0.187,0.061,2,9,0
0.243,1,2,0.809,0.314,0.47,1,7,0
0.24,3,1,0.246,0.69,0.132,2,10,0
0.363,3,1,0.71,0.33,0.023,2,8,0
0.725,1,1,0.411,0.913,0.104,0,10,1
0.275,2,2,0.564,0.265,0.653,0,10,0
0.2,1,3,0.597,0.108,0.395,2,5,0
0.759,1,2,0.735,0.843,0.227,1,4,0
0.252,1,1,0.656,0.906,0.379,0,3,1
0.366,2,3,0.004,0.557,0.247,1,7,0
0.391,2,2,0.212,0.581,0.036,0,8,1
0.55,2,3,0.312,0.768,0.424,1,6,1
0.223,2,3,0.601,0.858,0.134,1,7,0
0.47,1,1,0.4,0.52,0.486,0,9,0
0.985,1,3,0.017,0.948,0.297,2,5,1
0.608,2,2,0.104,0.949,0.474,0,3,0
0.945,2,2,0.678,0.024,0.505,0,5,1
0.286,1,2,0.436,0.253,0.428,1,10,0
0.921,2,3,0.194,0.182,0.052,1,6,0
0.836,3,1,0.741,0.735,0.599,2,5,0
0.44,3,2,0.224,0.609,0.079,1,10,1
0.256,2,3,0.126,0.042,0.039,1,5,0
0.687,2,1,0.316,0.749,0.127,1,15,1
0.762,3,3,0.934,0.889,0.553,0,3,1
0.236,3,3,0.743,0.66,0.581,0,4,0
0.251,3,2,0.416,0.553,0.631,1,9,0
0.622,1,2,0.013,0.741,0.19,1,9,0
0.84,3,2,0.44,0.427,0.581,1,7,0
0.999,1,3,0.466,0.362,0.152,2,7,0
0.593,3,3,0.699,0.261,0.309,0,7,1
0.531,2,2,0.086,0.775,0.037,0,15,1
0.508,1,3,0.061,0.546,0.109,2,5,0
0.99,2,3,0.756,0.687,0.05,1,7,1
0.124,2,3,0.516,0.196,0.345,1,9,1
0.448,3,1,0.074,0.398,0.361,2,9,0
1.0,3,1,0.466,0.838,0.445,2,15,1
0.211,1,1,0.557,0.761,0.698,0,8,1
0.436,3,1,0.085,0.27,0.587,2,4,0
0.601,2,1,0.931,0.556,0.366,1,4,0
0.723,3,1,0.367,0.685,0.34,2,3,0
0.684,3,2,0.058,0.949,0.33,1,6,1
0.978,3,2,0.453,0.373,0.31,1,5,0
0.364,1,1,0.092,0.67,0.229,0,3,1
0.522,1,1,0.727,0.496,0.516,0,3,1
0.234,3,3,0.763,0.289,0.331,0,6,0
0.656,1,1,0.62,0.082,0.693,0,10,0
0.662,3,3,0.693,0.473,0.454,0,8,0
0.881,2,2,0.748,0.321,0.607,0,7,0
0.25,1,3,0.764,0.384,0.475,2,7,0
0.249,2,2,0.779,0.083,0.199,0,6,0
0.135,3,1,0.238,0.851,0.065,2,6,0
0.81,2,3,0.608,0.742,0.54,1,9,0
0.769,2,3,0.32,0.767,0.003,1,10,0
0.828,2,2,0.521,0.301,0.46,0,9,1
0.171,2,1,0.211,0.588,0.024,1,8,0
0.254,3,2,0.266,0.045,0.249,1,3,0
0.62,2,1,0.317,0.209,0.181,1,10,0
0.198,1,3,0.518,0.091,0.674,2,4,0
0.325,3,3,0.668,0.424,0.358,0,8,0
0.837,1,2,0.118,0.243,0.579,1,6,1
0.693,3,3,0.937,0.694,0.456,0,15,1
0.783,1,2,0.155,0.148,0.601,1,10,0
0.221,2,1,0.823,0.852,0.208,1,15,0
0.935,3,1,0.968,0.864,0.503,2,7,0
0.715,3,2,0.387,0.729,0.196,1,7,1
0.323,2,3,0.919,0.958,0.337,1,10,0
0.892,1,1,0.499,0.262,0.055,0,15,1
0.344,1,2,0.446,0.621,0.628,1,9,0
0.553,3,3,0.525,0.619,0.413,0,10,1
0.351,3,2,0.966,0.258,0.316,1,6,0
0.204,3,3,0.991,0.926,0.095,0,6,1
0.901,1,2,0.182,0.691,0.674,1,10,0
0.992,3,1,0.516,0.581,0.176,2,3,1
0.856,3,3,0.242,0.286,0.206,0,8,1
0.929,1,2,0.136,0.981,0.287,1,5,0
0.316,1,1,0.657,0.966,0.568,0,8,0
0.567,2,1,0.131,0.968,0.071,1,5,0
0.931,1,2,0.96,0.248,0.149,1,5,0
0.922,3,3,0.414,0.75,0.344,0,5,1
0.511,2,1,0.13,0.418,0.603,1,4,0
0.729,2,2,0.54,0.545,0.13,0,3,0
0.475,2,3,0.862,0.697,0.209,1,8,0
0.439,2,2,0.08,0.433,0.496,0,3,1
0.869,3,1,0.938,0.522,0.237,2,15,0
0.443,3,3,0.273,0.042,0.648,0,15,0
0.258,3,3,0.99,0.891,0.695,0,10,0
0.396,1,3,0.168,0.243,0.469,2,15,0
0.914,1,1,0.21,0.793,0.528,0,5,0
0.287,2,2,0.127,0.945,0.366,0,10,0
0.774,3,3,0.702,0.389,0.299,0,8,1
0.23,2,3,0.243,0.739,0.687,1,3,0
0.921,2,2,0.97,0.561,0.582,0,3,1
0.699,1,3,0.347,0.824,0.186,2,8,0
0.408,2,1,0.859,0.173,0.668,1,10,0
0.742,1,2,0.531,0.056,0.231,1,10,1
0.947,2,1,0.17,0.221,0.445,1,8,0
0.829,1,2,0.042,0.312,0.114,1,5,0
0.404,2,3,0.684,0.521,0.509,1,10,0
0.985,3,2,0.477,0.039,0.073,1,15,0
0.959,2,2,0.4,0.789,0.295,0,10,1
0.452,2,2,0.515,0.38,0.007,0,7,0
0.488,3,1,0.624,0.228,0.131,2,4,0
0.247,3,2,0.918,0.602,0.247,1,10,1
0.693,2,3,0.262,0.891,0.167,1,8,0
0.634,2,1,0.488,0.959,0.295,1,3,0
0.635,1,3,0.047,0.059,0.09,2,6,0
0.126,1,2,0.091,0.241,0.662,1,9,0
0.301,2,2,0.891,0.424,0.437,0,15,0
0.168,3,2,0.819,0.674,0.663,1,6,0
0.854,1,1,0.636,0.326,0.321,0,10,1
0.56,2,2,0.366,0.071,0.223,0,9,0
0.431,3,2,0.353,0.917,0.467,1,10,0
0.409,3,2,0.324,0.371,0.257,1,6,0
0.448,3,1,0.3,0.71,0.058,2,8,0
0.961,2,3,0.345,0.898,0.391,1,5,0
0.218,3,1,0.942,0.897,0.1,2,15,0
0.551,1,1,0.61,0.394,0.219,0,5,1
0.849,2,2,0.149,0.491,0.497,0,6,1
0.826,1,3,0.882,0.474,0.27,2,10,1
0.562,3,1,0.823,0.141,0.666,2,8,0
0.318,3,3,0.992,0.937,0.55,0,7,1
0.732,3,1,0.29,0.2,0.541,2,3,0
0.181,3,1,0.362,0.089,0.386,2,5,0
0.615,3,2,0.925,0.568,0.495,1,10,0
0.328,1,1,0.325,0.8,0.459,0,9,1
0.598,3,1,0.204,0.087,0.677,2,7,0
0.757,1,2,0.473,0.262,0.352,1,6,1
0.79,3,2,0.428,0.432,0.123,1,9,1
0.544,2,1,0.151,0.819,0.081,1,5,0
0.895,3,1,0.039,0.204,0.059,2,7,0
0.375,1,3,0.051,0.163,0.368,2,15,0
0.74,3,2,0.158,0.38,0.289,1,4,0
0.197,3,1,0.07,0.869,0.025,2,6,0
0.453,3,1,0.442,0.727,0.487,2,5,0
0.488,3,2,0.974,0.399,0.038,1,4,0
0.177,3,3,0.092,0.218,0.383,0,4,0
0.814,2,1,0.112,0.291,0.225,1,6,0
0.121,1,3,0.368,0.272,0.559,2,3,0
0.169,3,1,0.826,0.475,0.274,2,10,0
0.776,1,2,0.152,0.358,0.602,1,4,0
0.78,1,1,0.662,0.118,0.018,0,15,0
0.184,3,2,0.771,0.744,0.538,1,10,0
0.974,1,2,0.86,0.76,0.401,1,6,1
0.459,2,3,0.281,0.023,0.242,1,9,0
0.644,3,1,0.69,0.137,0.536,2,3,1
0.197,3,1,0.58,0.318,0.573,2,4,0
0.144,2,2,0.215,0.198,0.128,0,3,0
0.466,3,3,0.542,0.778,0.205,0,15,1
0.661,3,3,0.732,0.171,0.328,0,10,1
0.572,2,1,0.686,0.913,0.587,1,15,0
0.768,2,1,0.62,0.316,0.609,1,4,0
0.959,1,3,0.862,0.964,0.644,2,6,0
0.588,1,2,0.878,0.548,0.342,1,6,1
0.316,1,2,0.255,0.033,0.486,1,8,0
0.472,2,3,0.266,0.517,0.517,1,9,0
0.79,1,2,0.333,0.039,0.16,1,5,0
0.533,1,2,0.005,0.122,0.251,1,4,1
0.799,2,1,0.544,0.799,0.259,1,7,0
0.733,1,1,0.102,0.073,0.377,0,9,0
0.874,2,1,0.4,0.076,0.361,1,3,0
0.408,3,2,0.91,0.631,0.265,1,5,0
0.551,1,1,0.5,0.38,0.527,0,4,0
0.826,1,2,0.632,0.29,0.56,1,8,1
0.404,3,2,0.029,0.354,0.287,1,6,0
0.866,1,1,0.152,0.601,0.29,0,5,0
0.972,2,2,0.687,0.8,0.33,0,4,1
0.754,2,2,0.798,0.744,0.562,0,6,1
0.692,1,3,0.631,0.942,0.227,2,3,0
0.627,2,3,0.085,0.029,0.501,1,8,1
0.202,1,2,0.856,0.412,0.485,1,3,0
0.835,3,3,0.961,0.252,0.19,0,10,1
0.722,1,2,0.713,0.81,0.65,1,8,0
0.212,1,2,0.613,0.594,0.249,1,9,0
0.396,1,3,0.476,0.835,0.687,2,8,0
0.217,2,1,0.112,0.169,0.005,1,4,0
0.502,2,2,0.697,0.306,0.406,0,8,0
0.311,3,1,0.551,0.118,0.287,2,5,0
0.919,3,3,0.956,0.606,0.503,0,3,1
0.5,2,1,0.683,0.556,0.662,1,7,0
0.404,2,1,0.041,0.952,0.516,1,7,0
0.8,3,3,0.921,0.302,0.197,0,7,1
0.735,3,2,0.714,0.848,0.56,1,5,0
0.898,3,1,0.675,0.202,0.149,2,10,0
0.874,3,1,0.66,0.492,0.695,2,3,0
0.473,2,3,0.472,0.378,0.446,1,4,0
0.604,3,3,0.865,0.729,0.045,0,10,0
0.708,3,3,0.936,0.79,0.194,0,10,1
0.209,2,2,0.258,0.119,0.21,0,9,0
0.174,1,1,0.06,0.999,0.599,0,10,0
0.373,3,2,0.213,0.767,0.611,1,15,0
0.872,2,2,1.0,0.97,0.129,0,10,0
0.604,3,2,0.56,0.496,0.003,1,4,0
0.407,1,1,0.751,0.334,0.066,0,15,0
0.596,1,3,0.972,0.755,0.284,2,3,0
0.699,2,2,0.361,0.728,0.104,0,6,1
0.294,3,1,0.41,0.647,0.253,2,9,0
0.702,1,1,0.829,0.975,0.538,0,6,0
0.771,1,1,0.447,0.832,0.524,0,6,1
0.799,3,2,0.919,0.632,0.526,1,9,0
0.945,1,3,0.035,0.164,0.349,2,15,0
0.554,3,2,0.492,0.155,0.487,1,7,0
0.879,3,1,0.852,0.176,0.287,2,7,0
0.342,2,2,0.471,0.395,0.309,0,8,0
0.181,3,2,0.998,0.51,0.352,1,7,0
0.62,1,1,0.307,0.859,0.565,0,5,0
0.155,2,1,0.058,0.975,0.278,1,5,0
0.45,2,2,0.952,0.345,0.667,0,6,1
0.651,3,2,0.753,0.759,0.699,1,7,0
0.135,2,3,0.343,0.227,0.061,1,5,0
0.46,2,3,0.558,0.368,0.088,1,10,0
0.617,1,1,0.399,0.062,0.559,0,9,0
0.288,1,2,0.13,0.493,0.161,1,15,0
0.727,1,1,0.465,0.773,0.54,0,6,1
0.259,2,1,0.233,0.751,0.146,1,6,0
0.842,3,1,0.543,0.699,0.62,2,7,1
0.287,1,2,0.198,0.204,0.312,1,6,0
0.277,1,3,0.211,0.632,0.376,2,7,0
0.671,1,3,0.626,0.128,0.452,2,3,0
0.297,1,3,0.626,0.592,0.561,2,4,0
0.479,3,3,0.628,0.386,0.012,0,7,1
0.735,2,1,0.096,0.302,0.582,1,10,0
0.585,1,2,0.289,0.464,0.468,1,8,0
0.231,2,3,0.429,0.198,0.679,1,15,0
0.284,3,3,0.213,0.962,0.368,0,3,1
0.511,3,3,0.518,0.469,0.641,0,6,0
0.172,2,3,0.51,0.023,0.115,1,9,0
0.818,1,1,0.332,0.681,0.509,0,9,1
0.889,3,3,0.767,0.649,0.283,0,9,1
0.301,2,2,0.829,0.494,0.33,0,15,1
0.228,3,3,0.001,0.358,0.431,0,15,0
0.379,2,2,0.352,0.381,0.107,0,9,1
0.709,2,2,0.228,0.206,0.474,0,7,0
0.925,2,2,0.32,0.007,0.389,0,7,1
0.492,3,2,0.058,0.653,0.139,1,10,1
0.148,3,1,0.736,0.852,0.011,2,10,0
0.442,2,1,0.351,0.221,0.52,1,9,0
0.515,3,3,0.205,0.704,0.13,0,15,1
0.608,3,2,0.005,0.98,0.298,1,4,0
0.13,1,2,0.72,0.302,0.364,1,3,0
0.287,3,2,0.774,0.154,0.217,1,15,0
0.665,1,3,0.363,0.664,0.36,2,7,1
0.993,1,1,0.599,0.787,0.431,0,10,1
0.473,3,3,0.107,0.657,0.256,0,7,1
0.542,1,3,0.835,0.716,0.293,2,7,0
0.813,3,2,0.768,0.96,0.164,1,3,0
0.808,3,3,0.03,0.326,0.351,0,8,1
0.41,1,2,0.74,0.553,0.31,1,10,1
0.576,3,2,0.246,0.502,0.684,1,7,0
0.646,2,3,0.041,0.508,0.433,1,5,0
0.152,1,3,0.592,0.045,0.602,2,9,0
0.822,3,2,0.775,0.165,0.651,1,6,0
0.576,3,1,0.82,0.33,0.698,2,8,0
0.84,3,3,0.045,0.452,0.004,0,8,0
0.478,2,2,0.587,0.382,0.0,0,3,1
0.462,2,3,0.123,0.276,0.301,1,4,0
0.268,1,1,0.727,0.812,0.031,0,9,0
0.981,3,3,0.926,0.789,0.497,0,4,1
0.913,1,1,0.314,0.042,0.58,0,6,1
0.436,3,2,0.001,0.416,0.501,1,6,0
0.384,1,3,0.339,0.766,0.018,2,10,0
0.567,1,1,0.184,0.992,0.619,0,7,0
0.871,1,2,0.559,0.963,0.065,1,9,0
0.689,1,3,0.116,0.598,0.425,2,9,0
0.752,1,3,0.095,0.877,0.235,2,6,0
0.619,3,3,0.492,0.438,0.351,0,10,1
0.11,2,1,0.707,0.61,0.103,1,15,0
0.959,2,3,0.101,0.017,0.643,1,9,1
0.967,1,1,0.279,0.208,0.098,0,8,1
0.221,3,2,0.041,0.872,0.602,1,3,0
0.844,2,2,0.496,0.873,0.051,0,15,1
0.447,3,2,0.399,0.449,0.379,1,4,0
0.907,1,3,0.131,0.905,0.552,2,3,0
0.925,2,1,0.429,0.592,0.581,1,10,0
0.251,1,3,0.063,0.554,0.034,2,4,0
0.701,1,1,0.875,0.863,0.497,0,6,1
0.264,2,2,0.581,0.584,0.522,0,5,1
0.809,1,3,0.341,0.115,0.199,2,9,0
0.719,3,1,0.846,0.605,0.592,2,9,0
0.614,2,2,0.359,0.86,0.034,0,8,1
0.159,1,1,0.519,0.843,0.555,0,9,0
0.798,3,2,0.255,0.89,0.538,1,9,0
0.889,3,1,0.257,0.075,0.428,2,15,0
0.346,3,2,0.03,0.326,0.196,1,9,1
0.712,3,3,0.035,0.332,0.636,0,5,0
0.511,2,1,0.684,0.398,0.416,1,15,0
0.414,3,3,0.983,0.041,0.181,0,4,1
0.699,3,2,0.93,0.016,0.434,1,10,0
0.261,1,2,0.454,0.674,0.439,1,9,0
0.89,2,2,0.495,0.195,0.067,0,15,0
0.461,2,2,0.89,0.989,0.471,0,8,1
0.113,3,2,0.957,0.387,0.426,1,4,1
0.451,1,2,0.008,0.769,0.378,1,6,0
0.57,2,3,0.594,0.808,0.28,1,9,0
0.141,2,2,0.746,0.37,0.11,0,7,1
0.157,2,1,0.206,0.822,0.348,1,5,0
0.346,1,3,0.39,0.34,0.239,2,3,1
0.389,3,2,0.879,0.838,0.216,1,10,1
0.426,1,3,0.36,0.339,0.105,2,6,0
0.791,1,2,0.919,0.719,0.361,1,3,1
0.965,3,1,0.149,0.23,0.465,2,4,1
0.177,1,2,0.889,0.921,0.405,1,6,0
0.814,2,1,0.281,0.909,0.448,1,3,0
0.584,2,1,0.681,0.512,0.186,1,10,0
0.534,3,1,0.756,0.151,0.612,2,4,0
0.484,3,2,0.623,0.147,0.065,1,15,1
0.198,1,3,0.383,0.96,0.563,2,7,0
0.468,2,2,0.811,0.519,0.432,0,8,1
0.526,2,1,0.417,0.776,0.61,1,7,0
0.955,1,2,0.824,0.195,0.53,1,5,1
0.366,1,2,0.117,0.128,0.225,1,10,0
0.712,1,1,0.252,0.554,0.232,0,8,1
0.763,1,1,0.987,0.511,0.33,0,10,1
0.492,2,3,0.546,0.709,0.373,1,10,1
0.736,3,1,0.056,0.447,0.506,2,10,0
0.165,1,2,0.604,0.717,0.273,1,4,0
0.775,1,3,0.034,0.396,0.067,2,7,0
0.947,2,1,0.636,0.79,0.184,1,4,1
0.449,2,3,0.788,0.922,0.249,1,9,0
0.417,2,1,0.069,0.312,0.652,1,10,0
0.21,2,2,0.785,0.227,0.573,0,10,1
0.489,3,1,0.746,0.467,0.065,2,7,0
0.371,3,3,0.701,0.496,0.517,0,15,0
0.664,3,2,0.512,0.531,0.355,1,3,0
0.996,1,1,0.499,0.116,0.401,0,7,1
0.493,1,2,0.583,0.515,0.344,1,3,0
0.29,1,3,0.321,0.16,0.13,2,15,1
0.892,1,1,0.981,0.29,0.145,0,15,1
0.457,2,2,0.256,0.31,0.33,0,10,1
0.462,2,2,0.402,0.86,0.687,0,3,0
0.504,3,3,0.852,0.139,0.598,0,4,0
0.263,3,3,0.829,0.645,0.089,0,6,0
0.553,3,2,0.763,0.165,0.389,1,5,0
0.737,1,1,0.906,0.599,0.138,0,8,1
0.998,2,1,0.9,0.57,0.464,1,9,0
0.457,2,1,0.182,0.543,0.692,1,7,0
0.338,2,3,0.878,0.521,0.509,1,15,1
0.97,3,2,0.351,0.309,0.602,1,5,0
0.263,1,2,0.557,0.873,0.525,1,4,0
0.737,2,1,0.789,0.559,0.508,1,7,0
0.576,1,3,0.35,0.689,0.509,2,8,0
0.838,3,2,0.167,0.71,0.401,1,6,0
0.779,1,1,0.91,0.209,0.597,0,9,1
0.547,2,2,0.476,0.4,0.299,0,8,0
0.425,3,2,0.089,0.425,0.146,1,7,0
0.166,2,3,0.023,0.22,0.57,1,15,0
0.82,1,1,0.192,0.432,0.344,0,3,0
0.541,2,1,0.094,0.115,0.606,1,4,0
0.196,2,2,0.183,0.526,0.0,0,6,0
0.326,3,3,0.604,0.156,0.052,0,4,1
0.754,2,2,0.826,0.097,0.654,0,3,1
0.666,3,2,0.981,0.603,0.669,1,10,1
0.695,1,3,0.381,0.381,0.429,2,6,0
0.263,1,1,0.801,0.584,0.276,0,6,1
0.489,1,3,0.798,0.675,0.04,2,10,0
0.906,2,3,0.844,0.62,0.328,1,8,1
0.714,3,2,0.467,0.195,0.538,1,4,1
0.402,3,2,0.676,0.619,0.583,1,6,0
0.265,2,2,0.508,0.005,0.676,0,9,0
0.719,3,1,0.035,0.687,0.294,2,15,0
0.644,1,2,0.862,0.942,0.351,1,7,0
0.954,1,2,0.884,0.993,0.288,1,3,1
0.281,2,2,0.885,0.396,0.345,0,8,0
0.828,2,3,0.741,0.735,0.363,1,9,0
0.837,3,1,0.349,0.265,0.31,2,6,0
0.499,2,3,0.639,0.864,0.453,1,7,1
0.428,2,1,0.559,0.495,0.42,1,7,0
0.773,3,3,0.624,0.398,0.615,0,8,0
0.313,2,1,0.773,0.28,0.607,1,10,0
0.437,3,2,0.925,0.216,0.511,1,6,1
0.646,1,3,0.525,0.407,0.266,2,7,0
0.126,1,2,0.087,0.459,0.039,1,3,0
0.448,1,1,0.314,0.811,0.495,0,3,0
0.892,2,3,0.452,0.361,0.161,1,9,1
0.902,2,2,0.692,0.467,0.453,0,9,0
0.771,1,1,0.903,0.218,0.6,0,6,0
0.613,2,1,0.783,0.264,0.235,1,7,0
0.163,1,2,0.045,0.021,0.44,1,15,0
0.886,2,3,0.262,0.115,0.209,1,10,0
0.67,1,1,0.427,0.518,0.697,0,7,1
0.901,2,3,0.946,0.862,0.26,1,15,1
0.87,1,3,0.757,0.946,0.638,2,5,0
0.267,2,3,0.47,0.029,0.282,1,9,0
0.154,1,3,0.68,0.637,0.64,2,4,0
0.64,1,1,0.863,0.883,0.279,0,4,1
0.543,2,3,0.965,0.364,0.451,1,4,0
0.969,1,2,0.009,0.498,0.655,1,15,0
0.111,3,2,0.845,0.066,0.031,1,8,1
0.127,2,2,0.528,0.267,0.347,0,15,0
0.371,3,1,0.806,0.731,0.359,2,6,0
0.857,2,2,0.66,0.462,0.303,0,3,0
0.89,3,1,0.614,0.129,0.129,2,6,1
0.507,3,2,0.804,0.245,0.464,1,7,0
0.953,2,3,0.624,0.492,0.363,1,7,0
0.994,1,2,0.997,0.551,0.461,1,6,1
0.996,3,2,0.436,0.034,0.438,1,8,1
0.657,1,1,0.833,0.124,0.253,0,3,0
0.646,3,1,0.219,0.658,0.282,2,5,0
0.422,2,1,0.029,0.353,0.678,1,4,0
0.348,1,1,0.924,0.804,0.478,0,3,1
0.88,3,3,0.976,0.609,0.151,0,8,1
0.363,1,1,0.7,0.078,0.663,0,9,0
0.214,1,3,0.033,0.301,0.612,2,6,0
0.15,2,2,0.218,0.297,0.202,0,15,0
0.781,2,3,0.811,0.6,0.619,1,5,1
0.745,3,1,0.375,0.68,0.166,2,4,0
0.537,3,1,0.437,0.188,0.361,2,7,0
0.628,1,2,0.365,0.504,0.129,1,10,0
0.797,3,2,0.592,0.661,0.055,1,6,1
0.562,3,3,0.328,0.423,0.509,0,7,1
0.552,2,1,0.825,0.103,0.559,1,7,0
0.354,3,2,0.737,0.115,0.499,1,15,0
0.689,2,1,0.917,0.407,0.203,1,3,0
0.866,3,2,0.601,0.93,0.243,1,6,1
0.399,3,3,0.134,0.078,0.043,0,5,0
0.798,2,3,0.497,0.447,0.585,1,10,1
0.617,1,1,0.126,0.37,0.616,0,15,0
0.866,3,2,0.596,0.587,0.568,1,3,1
0.156,2,3,0.983,0.874,0.625,1,15,0
0.612,3,3,0.845,0.416,0.627,0,4,1
0.219,3,3,0.845,0.564,0.552,0,4,1
0.428,1,1,0.777,0.344,0.021,0,9,1
0.662,1,1,0.911,0.376,0.087,0,5,1
0.712,2,2,0.817,0.36,0.564,0,4,0
0.282,1,1,0.056,0.496,0.65,0,7,0
0.403,1,3,0.963,0.79,0.247,2,8,0
0.821,1,3,0.215,0.424,0.391,2,8,0
0.935,2,2,0.415,0.699,0.602,0,3,0
0.804,2,3,0.581,0.759,0.211,1,3,0
0.783,1,1,0.371,0.294,0.056,0,8,0
0.603,1,2,0.583,0.093,0.503,1,6,0
0.445,1,1,0.87,0.778,0.431,0,9,1
0.618,3,3,0.679,0.983,0.382,0,4,1
0.435,3,1,0.369,0.197,0.055,2,6,0
0.246,2,1,0.686,0.048,0.428,1,6,0
0.946,2,1,0.91,0.243,0.411,1,6,0
0.673,3,1,0.56,0.17,0.458,2,6,0
0.355,2,2,0.773,0.52,0.527,0,9,1
0.773,2,3,0.008,0.881,0.563,1,6,0
0.729,1,2,0.435,0.294,0.52,1,10,0
0.755,2,2,0.463,0.307,0.594,0,15,1
0.716,1,2,0.406,0.762,0.419,1,10,0
0.686,3,2,0.444,0.093,0.485,1,7,0
0.61,2,1,0.306,0.388,0.312,1,7,0
0.649,3,1,0.81,0.617,0.234,2,8,0
0.463,3,1,0.942,0.144,0.431,2,9,0
0.625,1,2,0.268,0.847,0.657,1,9,0
0.701,3,3,0.986,0.064,0.628,0,5,0
0.619,1,3,0.975,0.243,0.54,2,5,0
0.604,1,2,0.208,0.186,0.037,1,10,0
0.796,1,1,0.204,0.981,0.473,0,9,1
0.371,3,1,0.051,0.964,0.347,2,7,0
0.395,2,2,0.676,0.686,0.639,0,10,0
0.687,3,2,0.502,0.916,0.687,1,15,0
0.149,2,1,0.917,0.337,0.595,1,10,0
0.335,2,2,0.915,0.941,0.185,0,5,1
0.431,1,1,0.883,0.255,0.304,0,7,1
0.155,1,2,0.443,0.088,0.479,1,10,0
0.879,1,3,0.574,0.051,0.228,2,15,0
0.95,1,3,0.101,0.804,0.286,2,6,0
0.867,2,2,0.989,0.05,0.061,0,5,0
0.739,3,2,0.411,0.868,0.333,1,6,1
0.541,3,2,0.129,0.692,0.033,1,6,0
0.101,1,3,0.616,0.92,0.521,2,4,0
0.542,1,1,0.529,0.364,0.089,0,8,1
0.855,2,2,0.618,0.58,0.537,0,3,1
0.219,1,3,0.429,0.703,0.246,2,4,0
0.294,3,1,0.628,0.822,0.031,2,10,0
0.768,2,1,0.011,0.124,0.028,1,5,0
0.981,1,2,0.339,0.401,0.411,1,6,0
0.199,2,1,0.283,0.239,0.584,1,4,0
0.499,1,2,0.411,0.8,0.126,1,9,0
0.258,1,2,0.34,0.402,0.633,1,3,0
0.231,2,2,0.457,0.326,0.237,0,5,0
0.707,2,1,0.144,0.629,0.331,1,8,1
0.107,2,3,0.923,0.903,0.592,1,15,0
0.484,1,1,0.971,0.319,0.67,0,4,0
0.182,2,1,0.81,0.454,0.482,1,6,0
0.816,3,1,0.017,0.803,0.532,2,8,0
0.354,3,2,0.331,0.701,0.678,1,3,0
0.624,1,3,0.227,0.145,0.076,2,5,0
0.456,2,2,0.628,0.412,0.37,0,8,0
0.616,1,3,0.906,0.721,0.213,2,8,0
0.59,1,3,0.221,0.779,0.069,2,7,0
0.429,1,1,0.007,0.224,0.292,0,10,0
0.431,2,1,0.003,0.194,0.49,1,15,0
0.208,2,1,0.64,0.233,0.65,1,5,1
0.516,3,1,0.341,0.27,0.043,2,5,0
0.712,1,3,0.82,0.863,0.644,2,10,1
0.678,3,2,0.379,0.374,0.37,1,10,0
0.419,1,3,0.774,0.494,0.518,2,6,1
0.731,1,3,0.084,0.686,0.505,2,9,0
0.593,1,3,0.212,0.717,0.052,2,9,0
0.55,3,3,0.3,0.602,0.572,0,9,1
0.746,3,2,0.828,0.296,0.695,1,8,0
0.938,2,2,0.865,0.467,0.465,0,3,1
0.453,1,2,0.425,0.469,0.617,1,5,0
0.623,1,3,0.658,0.411,0.532,2,4,0
0.492,1,3,0.886,0.74,0.018,2,6,0
0.103,3,3,0.003,0.068,0.195,0,15,1
0.521,1,2,0.69,0.872,0.696,1,5,0
0.41,3,2,0.823,0.667,0.367,1,10,0
0.176,3,2,0.507,0.589,0.094,1,4,1
0.402,3,2,0.306,0.656,0.515,1,3,0
0.505,3,2,0.695,0.318,0.416,1,4,0
0.836,1,1,0.971,0.037,0.606,0,8,1
0.87,3,3,0.46,0.834,0.654,0,7,0
0.804,3,2,0.357,0.175,0.031,1,9,0
0.339,3,1,0.363,0.525,0.447,2,4,0
0.758,2,2,0.944,0.727,0.183,0,7,1
0.646,2,3,0.667,0.863,0.43,1,8,0
0.376,3,3,0.59,0.235,0.271,0,4,1
0.23,1,1,0.697,0.842,0.428,0,7,1
0.62,1,3,0.089,0.382,0.344,2,9,0
0.618,1,1,0.627,0.37,0.475,0,6,0
0.531,1,3,0.133,0.04,0.449,2,10,0
0.312,2,1,0.136,0.178,0.483,1,7,0
0.96,2,1,0.559,0.48,0.087,1,9,0
0.698,1,2,0.231,0.29,0.258,1,5,0
0.224,1,3,0.432,0.083,0.451,2,3,0
0.611,2,2,0.374,0.686,0.568,0,3,1
0.969,3,3,0.079,0.66,0.507,0,7,1
0.923,3,2,0.206,0.301,0.211,1,6,0
0.726,1,1,0.857,0.69,0.346,0,5,0
0.513,1,3,0.787,0.619,0.361,2,9,0
0.869,2,1,0.882,0.644,0.694,1,7,1
0.619,2,2,0.976,0.536,0.623,0,15,1
0.392,2,3,0.643,0.573,0.191,1,7,1
0.196,3,2,0.78,0.067,0.21,1,10,0
0.274,2,1,0.107,0.841,0.105,1,15,0
0.554,3,3,0.642,0.615,0.428,0,6,0
0.786,3,2,0.21,0.586,0.259,1,7,0
0.899,1,2,0.038,0.101,0.227,1,6,0
0.432,1,2,0.286,0.643,0.609,1,5,0
0.372,2,1,0.003,0.909,0.199,1,5,0
0.847,2,3,0.709,0.709,0.555,1,5,1
0.325,2,1,0.751,0.004,0.586,1,6,0
0.306,2,3,0.926,0.383,0.043,1,7,0
0.145,3,1,0.926,0.051,0.036,2,15,0
0.169,2,1,0.391,0.578,0.542,1,8,0
0.334,3,1,0.165,0.085,0.124,2,4,0
0.459,2,2,0.436,0.515,0.634,0,4,0
0.959,2,3,0.197,0.27,0.134,1,9,1
0.823,1,3,0.8,0.518,0.686,2,4,0
0.488,2,3,0.099,0.552,0.307,1,8,0
0.594,3,3,0.803,0.06,0.23,0,5,1
0.833,1,2,0.16,0.643,0.072,1,7,0
0.361,2,3,0.961,0.007,0.059,1,9,0
0.623,3,2,0.321,0.121,0.598,1,3,0
0.846,3,1,0.152,0.031,0.315,2,15,0
0.732,2,3,0.391,0.618,0.352,1,8,0
0.589,3,3,0.125,0.542,0.324,0,9,0
0.701,3,2,0.957,0.952,0.639,1,4,0
0.97,1,3,0.655,0.796,0.504,2,4,1
0.155,2,2,0.403,0.883,0.152,0,15,0
0.898,1,3,0.973,0.29,0.38,2,5,1
0.754,3,2,0.477,0.921,0.276,1,4,0
0.999,1,1,0.937,0.01,0.098,0,7,1
0.583,2,2,0.385,0.8,0.569,0,7,0
0.657,3,3,0.661,0.198,0.695,0,15,0
0.735,2,2,0.052,0.708,0.637,0,15,0
0.906,2,1,0.449,0.487,0.094,1,8,1
0.363,3,1,0.699,0.052,0.169,2,8,0
0.117,3,3,0.863,0.814,0.528,0,5,1
0.516,1,2,0.289,0.345,0.128,1,4,0
0.83,3,1,0.485,0.593,0.145,2,9,0
0.958,3,2,0.699,0.713,0.407,1,6,0
0.193,3,3,0.191,0.169,0.65,0,9,0
0.973,3,3,0.651,0.166,0.584,0,15,1
0.896,3,3,0.876,0.919,0.192,0,8,0
0.511,3,3,0.367,0.231,0.365,0,6,1
0.173,2,3,0.081,0.682,0.415,1,6,0
0.381,2,2,0.983,0.72,0.242,0,3,1
0.437,3,2,0.566,0.559,0.643,1,9,0
0.412,2,2,0.125,0.505,0.493,0,4,1
0.941,2,3,0.781,0.912,0.251,1,7,1
0.766,2,2,0.583,0.748,0.114,0,8,1
0.835,1,3,0.067,0.708,0.52,2,7,1
0.472,3,3,0.704,0.689,0.077,0,4,1
0.47,2,2,0.229,0.343,0.471,0,8,0
0.109,2,2,0.237,0.734,0.176,0,5,1
0.335,2,3,0.787,0.866,0.341,1,10,0
0.962,3,3,0.172,0.199,0.669,0,15,1
0.564,2,3,0.816,0.063,0.555,1,6,0
0.875,3,3,0.32,0.443,0.477,0,5,0
0.208,1,3,0.423,0.441,0.222,2,10,0
0.296,1,1,0.239,0.306,0.589,0,4,0
0.997,3,1,0.816,0.403,0.682,2,8,0
0.623,2,1,0.814,0.673,0.018,1,15,1
0.821,1,2,0.715,0.705,0.208,1,3,0
0.216,3,2,0.024,0.153,0.053,1,4,0
0.221,2,3,0.55,0.973,0.044,1,15,0
0.813,1,3,0.607,0.184,0.045,2,10,0
0.869,1,2,0.188,0.665,0.674,1,7,0
0.33,3,1,0.043,0.205,0.214,2,8,0
0.14,1,1,0.012,0.294,0.277,0,7,1
0.21,2,2,0.571,0.366,0.672,0,5,1
0.525,1,1,0.597,0.685,0.09,0,8,1
0.875,3,2,0.378,0.464,0.46,1,4,0
0.821,3,3,0.554,0.891,0.392,0,15,0
0.841,2,2,0.865,0.424,0.515,0,6,1
0.518,1,3,0.084,0.129,0.149,2,6,0
0.679,1,1,0.039,0.042,0.355,0,8,1
0.328,2,3,0.808,0.739,0.287,1,4,0
0.811,3,3,0.899,0.223,0.079,0,3,1
0.977,3,3,0.04,0.403,0.218,0,4,1
0.536,2,3,0.106,0.51,0.434,1,15,0
0.315,2,2,0.827,0.72,0.023,0,6,0
0.625,2,2,0.031,0.081,0.394,0,9,1
0.383,2,1,0.739,0.896,0.006,1,4,0
0.277,3,3,0.895,0.657,0.13,0,8,0
0.413,2,2,0.282,0.756,0.472,0,3,0
0.945,3,2,0.468,0.708,0.474,1,15,0
0.584,3,3,0.897,0.927,0.115,0,5,0
0.819,1,1,0.679,0.74,0.319,0,3,0
0.119,3,1,0.987,0.31,0.532,2,5,0
0.195,2,3,0.016,0.367,0.344,1,7,0
0.899,3,2,0.483,0.986,0.386,1,15,1
0.956,1,2,0.301,0.96,0.088,1,10,1
0.333,3,1,0.98,0.414,0.058,2,15,0
0.801,1,1,0.693,0.242,0.228,0,7,1
0.779,2,2,0.659,0.244,0.216,0,15,1
0.652,2,3,0.06,0.657,0.179,1,6,0
0.151,1,2,0.442,0.513,0.071,1,15,0
0.616,2,2,0.467,0.404,0.402,0,7,0
0.209,3,2,0.768,0.192,0.065,1,7,0
0.323,2,2,0.097,0.922,0.483,0,4,1
0.43,1,1,0.246,0.898,0.332,0,6,0
0.514,1,2,0.806,0.729,0.108,1,10,1
0.975,3,2,0.091,0.331,0.266,1,5,1
0.166,2,1,0.592,0.258,0.446,1,3,0
0.125,1,2,0.65,0.489,0.173,1,6,1
0.13,1,2,0.265,0.177,0.684,1,9,0
0.494,1,1,0.561,0.748,0.256,0,5,1
0.482,1,3,0.313,0.833,0.076,2,7,0
0.228,3,2,0.315,0.085,0.193,1,10,0
0.997,2,3,0.127,0.535,0.108,1,8,1
0.196,3,2,0.967,0.581,0.596,1,5,0
0.22,2,2,0.511,0.555,0.415,0,6,0
0.763,3,3,0.518,0.333,0.451,0,8,1
0.825,2,3,0.508,0.046,0.348,1,10,0
0.425,2,2,0.704,0.912,0.251,0,10,1
0.534,2,2,0.265,0.779,0.191,0,6,1
0.484,1,3,0.532,0.049,0.006,2,15,0
0.451,3,3,0.457,0.434,0.672,0,8,0
0.547,3,3,0.352,0.228,0.62,0,7,0
0.442,3,2,0.024,0.101,0.085,1,5,0
0.328,2,1,0.093,0.731,0.422,1,9,1
0.85,3,1,0.842,0.854,0.57,2,7,0
0.496,1,3,0.938,0.397,0.095,2,4,0
0.367,1,1,0.132,0.686,0.542,0,3,0
0.308,3,2,0.247,0.979,0.544,1,15,0
0.333,2,3,0.357,0.938,0.322,1,6,0
0.808,2,2,0.726,0.592,0.185,0,8,0
0.376,3,3,0.354,0.748,0.248,0,10,0
0.888,1,1,0.493,0.449,0.135,0,7,0
0.877,1,1,0.133,0.439,0.075,0,5,0
0.352,1,1,0.394,0.161,0.42,0,5,0
0.192,2,1,0.766,0.918,0.189,1,7,0
0.35,2,1,0.163,0.336,0.257,1,9,0
0.172,1,1,0.707,0.965,0.245,0,5,0
0.643,1,3,0.636,0.477,0.455,2,8,0
0.952,3,2,0.78,0.977,0.663,1,9,1
0.815,1,3,0.265,0.206,0.147,2,6,0
0.995,2,3,0.44,0.194,0.551,1,6,0
0.793,3,2,0.12,0.187,0.577,1,3,1
0.101,2,1,0.894,0.757,0.047,1,7,0
0.727,2,2,0.971,0.956,0.398,0,8,1
0.547,2,1,0.97,0.903,0.333,1,8,1
0.604,3,1,0.03,0.195,0.389,2,8,1
0.66,1,1,0.105,0.467,0.595,0,5,0
0.99,2,3,0.34,0.941,0.519,1,5,0
0.508,2,3,0.027,0.607,0.581,1,5,0
0.745,1,1,0.028,0.607,0.33,0,10,1
0.241,1,2,0.347,0.522,0.592,1,6,0
0.679,2,1,0.235,0.57,0.541,1,4,0
0.83,3,2,0.115,0.516,0.325,1,8,0
0.659,1,3,0.526,0.167,0.01,2,3,0
0.877,3,2,0.012,0.283,0.047,1,7,1
0.299,1,3,0.423,0.047,0.359,2,8,0
0.803,2,1,0.588,0.341,0.379,1,4,1
0.139,3,1,0.391,0.829,0.306,2,7,0
0.215,1,1,0.54,0.502,0.669,0,4,0
0.721,1,1,0.651,0.308,0.677,0,7,0
0.392,1,2,0.146,0.682,0.482,1,10,0
0.335,1,1,0.858,0.929,0.423,0,7,1
0.806,3,2,0.969,0.752,0.264,1,10,1
0.711,3,3,0.736,0.877,0.294,0,8,1
0.502,3,1,0.395,0.075,0.526,2,9,0
0.236,2,2,0.625,0.29,0.064,0,10,0
0.903,1,1,0.279,0.455,0.037,0,6,0
0.199,3,3,0.522,0.266,0.473,0,5,0
0.333,1,1,0.27,0.987,0.307,0,3,1
0.534,3,3,0.838,0.201,0.241,0,8,1
0.622,2,1,0.757,0.9,0.632,1,6,0
0.954,1,2,0.776,0.47,0.146,1,4,1
0.45,2,1,0.853,0.99,0.692,1,3,1
0.802,2,2,0.788,0.66,0.604,0,4,1
0.228,2,2,0.02,0.182,0.543,0,15,0
0.869,2,1,0.407,0.917,0.568,1,3,0
0.285,1,1,0.822,0.902,0.188,0,9,1
0.27,3,3,0.267,0.516,0.304,0,10,0
0.822,1,2,0.044,0.736,0.561,1,10,0
0.44,2,2,0.031,0.787,0.173,0,3,0
0.76,1,2,0.892,0.73,0.462,1,7,1
0.604,1,2,0.238,0.66,0.446,1,10,0
0.887,2,2,0.832,0.892,0.496,0,8,1
0.437,3,1,0.29,0.437,0.085,2,15,0
0.377,2,1,0.628,0.17,0.354,1,7,1
0.761,3,1,0.709,0.501,0.121,2,5,1
0.245,1,3,0.834,0.714,0.403,2,15,0
0.835,1,1,0.014,0.123,0.394,0,4,1
0.973,3,2,0.948,0.696,0.203,1,7,0
0.416,2,2,0.83,0.924,0.338,0,7,1
0.956,3,2,0.316,0.696,0.273,1,15,0
0.308,1,3,0.31,0.892,0.281,2,10,0
0.542,3,2,0.932,0.946,0.526,1,10,0
0.446,2,3,0.353,0.481,0.276,1,3,0
0.764,2,2,0.311,0.85,0.098,0,8,0
0.164,2,3,0.519,0.062,0.401,1,15,0
0.602,2,2,0.74,0.996,0.328,0,5,1
0.488,3,1,0.414,0.7,0.253,2,5,0
0.583,3,3,0.276,0.232,0.368,0,3,0
0.531,2,1,0.584,0.415,0.672,1,6,1
0.88,2,3,0.696,0.247,0.136,1,6,1
0.118,1,3,0.263,0.108,0.078,2,3,0
0.326,3,2,0.372,0.323,0.366,1,7,0
0.613,1,2,0.609,0.344,0.194,1,7,0
0.737,3,2,0.958,0.211,0.051,1,15,1
0.552,3,2,0.349,0.925,0.46,1,9,0
0.922,2,1,0.808,0.973,0.173,1,15,1
0.618,3,3,0.25,0.885,0.376,0,10,0
0.931,2,1,0.693,0.945,0.271,1,4,0
0.925,2,3,0.307,0.129,0.602,1,10,0
0.954,3,3,0.936,0.196,0.561,0,7,1
0.573,2,3,0.458,0.837,0.34,1,9,0
0.754,3,1,0.131,0.886,0.034,2,10,0
0.646,1,2,0.856,0.68,0.698,1,5,0
0.269,3,1,0.124,0.454,0.071,2,8,0
0.615,3,2,0.172,0.274,0.246,1,7,0
0.751,2,1,0.391,0.689,0.105,1,9,1
0.669,1,2,0.036,0.602,0.69,1,5,0
0.759,2,3,0.091,0.128,0.168,1,7,1
0.148,2,3,0.757,0.314,0.661,1,7,1
0.346,1,3,0.298,0.061,0.619,2,8,0
0.352,1,1,0.738,0.76,0.522,0,6,0
0.564,3,3,0.791,0.64,0.617,0,3,1
0.343,2,1,0.907,0.928,0.142,1,3,0
0.187,3,3,0.689,0.174,0.474,0,5,0
0.54,3,2,0.343,0.643,0.343,1,10,0
0.494,2,2,0.32,0.357,0.663,0,15,0
0.359,1,2,0.106,0.18,0.273,1,6,0
0.819,3,2,0.179,0.745,0.089,1,3,0
0.966,2,1,0.885,0.059,0.449,1,6,0
0.612,2,3,0.54,0.158,0.433,1,8,0
0.902,2,3,0.07,0.473,0.151,1,5,0
0.643,1,3,0.601,0.221,0.643,2,5,0
0.412,1,2,0.462,0.567,0.551,1,4,0
0.822,1,3,0.187,0.79,0.063,2,5,1
0.934,2,2,0.598,0.856,0.505,0,3,1
0.348,2,1,0.392,0.19,0.176,1,7,0
0.841,3,2,0.588,0.778,0.566,1,7,1
0.721,3,3,0.15,0.007,0.039,0,10,1
0.55,2,3,0.507,0.157,0.356,1,10,0
0.388,2,1,0.188,0.106,0.421,1,8,0
0.113,3,2,0.212,0.043,0.042,1,5,0
0.758,2,2,0.885,0.645,0.333,0,7,1
0.596,1,2,0.964,0.479,0.387,1,3,1
0.347,2,3,0.287,0.638,0.154,1,9,0
0.81,3,2,0.938,0.413,0.605,1,4,1
0.774,3,2,0.495,0.201,0.085,1,8,0
0.781,3,2,0.396,0.366,0.551,1,9,0
0.835,2,2,0.013,0.913,0.286,0,6,0
0.503,2,2,0.737,0.153,0.399,0,15,1
0.226,1,1,0.326,0.564,0.129,0,7,1
0.532,3,1,0.453,0.634,0.587,2,5,0
0.457,1,2,0.307,0.273,0.199,1,3,0
0.862,1,2,0.155,0.545,0.154,1,15,1
0.115,1,2,0.892,0.362,0.53,1,6,0
0.25,3,3,0.667,0.369,0.061,0,7,0
0.908,3,2,0.677,0.26,0.323,1,8,1
0.149,3,3,0.999,0.468,0.654,0,7,0
0.463,3,2,0.506,0.624,0.035,1,7,1
0.488,2,3,0.222,0.377,0.216,1,3,0
0.609,2,1,0.879,0.21,0.286,1,8,0
0.115,2,3,0.427,0.335,0.127,1,10,0
0.439,3,1,0.327,0.751,0.102,2,5,0
0.669,2,3,0.82,0.718,0.617,1,5,0
0.149,3,3,0.68,0.27,0.124,0,7,0
0.888,2,2,0.1,0.416,0.074,0,7,0
0.769,1,3,0.396,0.547,0.686,2,15,0
0.448,3,2,0.943,0.746,0.487,1,5,1
0.326,2,3,0.935,0.889,0.528,1,8,1
0.961,3,1,0.23,0.707,0.292,2,7,0
0.865,3,1,0.544,0.228,0.459,2,15,1
0.456,3,3,0.068,0.191,0.328,0,5,0
0.811,1,1,0.632,0.494,0.346,0,15,0
0.182,3,1,0.077,0.877,0.112,2,6,0
0.788,1,1,0.58,0.031,0.439,0,8,1
0.166,1,3,0.76,0.242,0.578,2,6,0
0.362,1,1,0.485,0.594,0.124,0,5,1
0.594,2,1,0.183,0.484,0.024,1,8,0
0.908,1,2,0.636,0.098,0.541,1,9,0
0.728,1,1,0.656,0.008,0.004,0,4,0
0.439,2,1,0.939,0.843,0.619,1,7,0
0.331,1,2,0.114,0.784,0.357,1,4,0
0.747,2,2,0.976,0.435,0.081,0,3,0
0.721,2,3,0.967,0.011,0.338,1,3,0
0.148,3,3,0.52,0.237,0.694,0,15,0
0.282,3,1,0.837,0.713,0.449,2,5,1
0.699,1,3,0.215,0.025,0.603,2,7,0
0.592,1,1,0.711,0.683,0.528,0,9,1
0.233,1,1,0.099,0.884,0.062,0,10,0
0.753,1,1,0.167,0.529,0.634,0,9,0
0.124,3,3,0.111,0.757,0.281,0,9,0
0.521,3,3,0.007,0.537,0.516,0,8,1
0.27,2,2,0.442,0.875,0.528,0,3,1
0.137,3,2,0.209,0.299,0.338,1,3,0
0.706,2,3,0.281,0.792,0.054,1,4,1
0.408,2,3,0.259,0.322,0.224,1,8,1
0.362,2,2,0.504,0.447,0.163,0,9,1
0.543,3,1,0.996,0.007,0.459,2,10,0
0.694,1,2,0.328,0.34,0.357,1,3,1
0.912,2,2,0.242,0.167,0.449,0,5,0
0.608,1,1,0.13,0.847,0.383,0,8,1
0.776,1,2,0.895,0.826,0.179,1,9,1
0.166,3,1,0.303,0.597,0.255,2,9,0
0.16,2,2,0.802,0.638,0.582,0,4,0
0.701,2,2,0.567,0.541,0.657,0,15,0
0.957,3,2,0.829,0.657,0.114,1,10,0
0.644,2,1,0.94,0.635,0.38,1,15,0
0.569,3,2,0.821,0.062,0.087,1,8,0
0.55,3,1,0.584,0.402,0.307,2,8,1
0.608,3,3,0.153,0.029,0.339,0,4,0
0.376,1,2,0.758,0.932,0.338,1,3,1
0.237,1,2,0.957,0.555,0.176,1,7,0
0.887,2,1,0.729,0.46,0.095,1,3,0
0.418,3,2,0.524,0.644,0.128,1,15,0
0.312,3,2,0.957,0.502,0.122,1,6,1
0.752,3,1,0.163,0.473,0.479,2,7,1
0.834,1,2,0.195,0.575,0.281,1,15,1
0.446,3,2,0.248,0.286,0.095,1,15,1
0.751,2,3,0.24,0.796,0.243,1,4,0
0.598,3,1,0.473,0.454,0.116,2,8,0
0.88,1,2,0.631,0.857,0.626,1,3,0
0.47,1,1,0.262,0.246,0.546,0,5,1
0.459,1,2,0.177,0.255,0.482,1,9,0
0.254,3,1,0.195,0.557,0.127,2,10,1
0.348,2,3,0.908,0.363,0.502,1,7,1
0.884,1,2,0.265,0.084,0.074,1,7,1
0.611,2,1,0.632,0.642,0.117,1,15,0
0.262,3,3,0.11,0.768,0.265,0,8,1
0.662,1,2,0.642,0.979,0.286,1,5,0
0.695,2,3,0.991,0.178,0.417,1,5,1
0.756,2,3,0.528,0.214,0.635,1,10,0
0.681,1,1,0.465,0.36,0.598,0,4,1
0.983,3,2,0.48,0.075,0.37,1,5,0
0.908,1,3,0.172,0.34,0.326,2,8,0
0.998,1,2,0.405,0.724,0.064,1,7,0
0.315,2,2,0.94,0.535,0.476,0,7,1
0.143,3,2,0.013,0.071,0.188,1,9,0
0.631,1,3,0.627,0.725,0.264,2,6,0
0.922,3,1,0.519,0.102,0.568,2,10,0
0.73,1,1,0.85,0.386,0.006,0,7,1
0.415,1,2,0.002,0.102,0.63,1,6,0
0.14,2,2,0.165,0.762,0.131,0,15,0
0.996,3,1,0.926,0.962,0.447,2,3,0
0.9,2,2,0.141,0.748,0.432,0,3,0
0.657,2,2,0.505,0.618,0.57,0,7,1
0.938,3,2,0.136,0.067,0.059,1,9,1
0.528,2,3,0.917,0.17,0.494,1,4,0
0.419,2,2,0.74,0.17,0.493,0,7,0
0.391,2,2,0.702,0.698,0.149,0,15,1
0.307,2,2,0.66,0.314,0.335,0,15,0
0.288,2,3,0.626,0.435,0.328,1,3,0
0.297,2,2,0.004,0.73,0.375,0,7,0
0.307,1,2,0.742,0.975,0.239,1,5,0
0.791,3,2,0.426,0.41,0.443,1,3,0
0.477,2,2,0.017,0.307,0.328,0,10,0
0.174,1,2,0.13,0.087,0.062,1,5,0
0.442,3,1,0.876,0.286,0.073,2,5,0
0.411,2,3,0.633,0.061,0.244,1,8,0
0.316,1,2,0.773,0.801,0.449,1,8,1
0.503,2,2,0.459,0.921,0.649,0,6,0
0.874,3,2,0.727,0.812,0.559,1,5,1
0.253,2,2,0.419,0.938,0.521,0,3,1
0.543,2,2,0.589,0.773,0.596,0,5,0
0.606,2,3,0.397,0.328,0.113,1,7,0
0.626,3,1,0.665,0.617,0.1,2,8,0
0.494,1,2,0.57,0.56,0.532,1,4,0
0.355,2,2,0.221,0.564,0.224,0,15,1
0.736,1,2,0.375,0.676,0.426,1,6,0
0.654,2,2,0.748,0.07,0.092,0,3,1
0.56,1,1,0.263,0.022,0.553,0,9,1
0.574,2,1,0.521,0.526,0.132,1,9,0
0.997,1,1,0.287,0.659,0.484,0,4,1
0.824,2,3,0.803,0.048,0.172,1,6,1
0.834,2,2,0.25,0.281,0.37,0,9,1
0.263,1,1,0.223,0.63,0.643,0,15,0
0.758,3,1,0.93,0.909,0.022,2,10,0
0.751,2,2,0.455,0.499,0.32,0,9,1
0.959,2,2,0.617,0.311,0.244,0,3,1
0.91,3,3,0.25,0.111,0.232,0,8,0
0.75,1,3,0.204,0.902,0.098,2,8,0
0.312,1,1,0.192,0.537,0.512,0,6,1
0.952,1,1,0.311,0.206,0.475,0,15,1
0.772,1,2,0.017,0.465,0.1,1,5,0
0.48,2,2,0.632,0.44,0.502,0,4,0
0.367,3,2,0.959,0.478,0.11,1,15,0
0.761,2,3,0.454,0.661,0.317,1,3,1
0.354,2,1,0.345,0.567,0.578,1,3,0
0.766,2,2,0.768,0.507,0.144,0,5,1
0.263,2,3,0.894,0.531,0.537,1,7,0
0.422,1,3,0.582,0.384,0.508,2,7,0
0.835,3,2,0.251,1.0,0.699,1,8,1
0.842,1,2,0.17,0.03,0.051,1,5,0
0.891,3,2,0.33,0.526,0.347,1,10,0
0.809,3,3,0.687,0.588,0.533,0,3,1
0.716,2,3,0.679,0.451,0.03,1,6,1
0.229,3,3,0.128,0.953,0.633,0,15,0
0.152,3,2,0.9,0.31,0.054,1,3,0
0.546,2,3,0.248,0.701,0.296,1,9,1
0.697,1,1,0.802,0.747,0.411,0,4,1
0.341,2,2,0.289,0.324,0.124,0,5,0
0.74,3,3,0.754,0.874,0.608,0,10,0
0.552,1,2,0.907,0.959,0.476,1,9,0
0.557,2,3,0.325,0.359,0.328,1,9,0
0.173,2,2,0.98,0.415,0.69,0,6,0
0.772,2,2,0.569,0.251,0.447,0,8,1
0.726,1,1,0.587,0.864,0.05,0,9,0
0.269,2,3,0.149,0.906,0.652,1,9,0
0.161,1,3,0.43,0.082,0.102,2,10,0
0.903,3,2,0.58,0.84,0.49,1,15,1
0.534,3,3,0.198,0.627,0.693,0,9,0
0.153,1,3,0.205,0.495,0.036,2,5,0
0.413,3,1,0.235,0.732,0.295,2,4,0
0.353,3,1,0.488,0.917,0.536,2,6,0
0.778,1,2,0.244,0.571,0.352,1,3,0
0.427,2,2,0.788,0.226,0.272,0,5,1
0.472,2,3,0.353,0.417,0.144,1,10,0
0.658,2,2,0.8,0.166,0.426,0,3,0
0.892,3,1,0.469,0.035,0.599,2,3,0
0.215,3,3,0.987,0.174,0.311,0,6,0
0.392,3,2,0.081,0.725,0.551,1,15,0
0.778,1,3,0.003,0.965,0.584,2,9,0
0.705,3,2,0.967,0.583,0.354,1,4,0
0.28,3,3,0.103,0.968,0.612,0,5,0
0.171,2,1,0.638,0.795,0.021,1,9,0
0.306,3,2,0.175,0.72,0.432,1,4,0
0.243,2,1,0.192,0.582,0.196,1,10,0
0.745,3,1,0.833,0.664,0.195,2,10,0
0.411,3,3,0.201,0.198,0.52,0,7,0
0.214,3,2,0.452,0.448,0.482,1,4,0
0.408,3,3,0.455,0.25,0.258,0,3,0
0.16,3,1,0.284,0.858,0.279,2,7,0
0.643,3,3,0.956,0.356,0.56,0,6,1
0.91,1,1,0.277,0.907,0.052,0,10,1
0.472,3,1,0.408,0.089,0.28,2,8,0
0.855,1,1,0.703,0.508,0.697,0,9,1
0.611,2,3,0.666,0.657,0.496,1,3,0
0.961,3,3,0.779,0.305,0.599,0,6,0
0.77,2,2,0.834,0.74,0.224,0,9,0
0.169,1,2,0.343,0.919,0.375,1,8,1
0.763,1,1,0.697,0.707,0.408,0,8,0
0.77,3,3,0.697,0.188,0.662,0,8,0
0.781,1,1,0.579,0.384,0.011,0,7,1
0.673,1,2,0.671,0.415,0.074,1,9,1
0.578,3,1,0.001,0.042,0.655,2,5,1
0.872,1,3,0.94,0.926,0.498,2,4,0
0.242,3,2,0.429,0.618,0.277,1,6,0
0.95,1,2,0.503,0.647,0.156,1,9,1
0.535,2,3,0.003,0.641,0.406,1,9,0
0.393,2,3,0.408,0.839,0.593,1,10,1
0.335,2,2,0.251,0.201,0.171,0,3,0
0.768,2,3,0.654,0.271,0.298,1,10,0
0.317,3,3,0.429,0.05,0.248,0,4,1
0.245,1,3,0.801,0.981,0.096,2,9,0
0.478,2,3,0.895,0.272,0.347,1,3,0
0.564,2,2,0.386,0.014,0.063,0,8,0
0.52,3,3,0.672,0.013,0.018,0,3,1
0.567,2,3,0.232,0.258,0.309,1,7,0
0.355,2,3,0.636,0.753,0.162,1,3,0
0.349,1,3,0.378,0.107,0.372,2,4,0
0.229,1,1,0.933,0.959,0.245,0,15,1
0.689,3,1,0.087,0.175,0.441,2,3,0
0.418,2,2,0.166,0.86,0.01,0,7,1
0.263,3,3,0.036,0.448,0.437,0,6,0
0.226,3,2,0.987,0.542,0.313,1,9,0
0.133,3,3,0.524,0.387,0.116,0,8,0
0.854,1,1,0.648,0.781,0.582,0,10,1
0.58,2,1,0.021,0.29,0.49,1,4,0
0.467,1,1,0.634,0.691,0.398,0,10,0
0.262,2,1,0.472,0.242,0.117,1,8,0
0.603,3,1,0.078,0.326,0.156,2,10,0
0.151,2,2,0.493,0.829,0.284,0,5,0
0.804,3,1,0.875,0.559,0.425,2,3,0
0.578,2,1,0.358,0.32,0.306,1,5,0
0.852,1,2,0.53,0.418,0.265,1,4,0
0.679,2,1,0.378,0.76,0.331,1,8,0
0.519,1,2,0.477,0.923,0.197,1,7,0
0.185,3,2,0.766,0.309,0.16,1,8,0
0.37,2,3,0.532,0.678,0.664,1,8,1
0.477,3,1,0.816,0.573,0.034,2,8,0
0.786,1,2,0.476,0.819,0.22,1,6,0
0.589,2,2,0.736,0.075,0.322,0,10,0
0.684,1,3,0.009,0.661,0.526,2,15,0
0.762,1,2,0.324,0.859,0.156,1,3,1
0.536,3,3,0.299,0.953,0.036,0,8,1
0.719,1,1,0.301,0.777,0.405,0,8,1
0.792,2,2,0.722,0.054,0.054,0,15,0
0.674,2,3,0.203,0.192,0.381,1,5,0
0.996,3,1,0.378,0.874,0.102,2,15,0
0.451,1,3,0.378,0.715,0.482,2,10,0
0.326,2,1,0.633,0.723,0.126,1,3,1
0.601,3,2,0.752,0.994,0.329,1,5,1
0.186,1,1,0.179,0.918,0.558,0,7,1
0.815,1,1,0.51,0.933,0.491,0,3,0
0.788,2,3,0.251,0.185,0.168,1,4,0
0.424,2,3,0.613,0.368,0.045,1,8,0
0.577,1,1,0.891,0.086,0.536,0,8,1
0.125,1,1,0.326,0.505,0.302,0,7,0
0.108,2,2,0.36,0.58,0.529,0,4,0
0.814,3,1,0.195,0.714,0.458,2,8,1
0.476,3,2,0.292,0.408,0.375,1,6,0
0.448,3,3,0.175,0.68,0.577,0,3,0
0.866,3,3,0.64,0.439,0.364,0,9,1
0.888,1,1,0.244,0.393,0.055,0,15,1
0.138,2,1,0.514,0.158,0.276,1,3,0
0.287,2,2,0.783,0.312,0.034,0,10,1
0.173,1,2,0.853,0.433,0.699,1,6,0
0.712,1,3,0.098,0.943,0.043,2,9,1
0.438,1,3,0.274,0.985,0.68,2,8,0
0.361,1,3,0.914,0.533,0.232,2,9,1
0.906,2,3,0.002,0.076,0.586,1,7,0
0.172,2,3,0.044,0.731,0.542,1,3,0
0.451,1,3,0.104,0.296,0.414,2,7,0
0.402,3,3,0.38,0.829,0.437,0,5,0
0.35,1,3,0.544,0.416,0.439,2,8,0
0.886,1,1,0.431,0.848,0.103,0,3,0
0.92,2,3,0.572,0.153,0.148,1,8,1
0.329,1,3,0.925,0.461,0.56,2,10,0
0.655,2,3,0.026,0.024,0.171,1,8,0
0.774,2,3,0.34,0.434,0.066,1,6,0
0.799,2,3,0.76,0.764,0.178,1,8,1
0.829,1,3,0.695,0.563,0.56,2,7,0
0.621,1,3,0.958,0.006,0.548,2,15,1
0.808,1,3,0.354,0.048,0.411,2,4,0
0.886,3,1,0.417,0.004,0.681,2,9,0
0.968,2,1,0.987,0.759,0.334,1,5,1
0.926,1,1,0.054,0.232,0.421,0,5,1
0.768,1,1,0.788,0.486,0.42,0,6,1
0.555,2,3,0.84,0.296,0.531,1,10,0
0.419,1,1,0.843,0.596,0.414,0,15,0
0.764,1,3,0.411,0.191,0.69,2,7,0
0.359,2,3,0.649,0.655,0.581,1,15,0
0.118,1,3,0.511,0.754,0.191,2,10,0
0.401,1,1,0.911,0.836,0.083,0,10,1
0.194,3,2,0.471,0.052,0.177,1,6,0
0.723,2,3,0.01,0.125,0.658,1,6,0
0.421,3,2,0.915,0.68,0.353,1,15,1
0.707,2,2,0.599,0.754,0.335,0,9,1
0.104,1,1,0.767,0.219,0.265,0,10,1
0.233,3,2,0.517,0.106,0.001,1,6,0
0.238,1,3,0.625,0.791,0.475,2,3,0
0.623,2,2,0.608,0.117,0.013,0,8,1
0.497,1,3,0.29,0.69,0.301,2,15,0
0.295,3,2,0.523,0.099,0.137,1,10,0
0.335,3,1,0.487,0.553,0.174,2,7,0
0.847,3,1,0.209,0.23,0.429,2,8,0
0.43,3,1,0.522,0.698,0.594,2,15,0
0.269,3,1,0.29,0.806,0.586,2,3,0
0.329,3,2,0.978,0.489,0.504,1,7,0
0.282,3,2,0.761,0.45,0.324,1,3,0
0.475,3,2,0.977,0.068,0.217,1,8,0
0.951,1,1,0.663,0.61,0.066,0,7,1
0.523,2,3,0.097,0.541,0.594,1,3,0
0.771,2,2,0.966,0.81,0.494,0,8,1
0.675,1,1,0.805,0.032,0.599,0,15,0
0.556,3,3,0.424,0.454,0.048,0,4,1
0.556,1,1,0.119,0.232,0.173,0,7,0
0.399,3,1,0.941,0.917,0.294,2,9,0
0.529,1,1,0.841,0.549,0.047,0,4,1
0.541,3,3,0.367,0.624,0.594,0,5,1
0.96,3,1,0.638,0.064,0.615,2,7,1
0.726,3,2,0.193,0.999,0.545,1,6,1
0.815,1,1,0.53,0.456,0.291,0,8,1
0.974,1,3,0.835,0.493,0.086,2,7,0
0.93,1,1,0.059,0.271,0.214,0,7,1
0.5,2,1,0.051,0.045,0.167,1,9,0
0.798,2,1,0.584,0.769,0.425,1,15,0
0.259,3,3,0.792,0.503,0.629,0,5,0
0.286,2,2,0.576,0.259,0.412,0,5,0
0.437,3,1,0.812,0.92,0.336,2,9,0
0.889,2,3,0.901,0.445,0.658,1,10,0
0.732,3,3,0.484,0.968,0.17,0,4,0
0.856,2,3,0.143,0.188,0.411,1,3,0
0.724,2,1,0.715,0.46,0.391,1,3,0
0.196,2,2,0.061,0.928,0.49,0,5,0
0.959,1,1,0.409,0.047,0.085,0,9,0
0.518,1,2,0.11,0.48,0.7,1,5,0
0.618,3,2,0.43,0.735,0.328,1,8,1
0.886,2,1,0.569,0.178,0.487,1,3,0
0.29,3,3,0.407,0.629,0.341,0,9,1
0.878,2,2,0.247,0.035,0.517,0,4,0
0.986,1,2,0.996,0.575,0.223,1,7,0
0.213,2,2,0.989,0.054,0.198,0,15,1
0.688,3,2,0.694,0.204,0.434,1,4,0
0.816,2,2,0.91,0.033,0.569,0,6,1
0.731,2,1,0.793,0.226,0.606,1,3,0
0.741,2,2,0.286,0.439,0.284,0,3,1
0.762,1,3,0.114,0.278,0.439,2,9,0
0.35,2,3,0.745,0.224,0.117,1,4,0
0.699,2,3,0.032,0.554,0.047,1,8,0
0.268,1,3,0.757,0.378,0.565,2,15,0
0.421,2,1,0.03,0.133,0.077,1,3,0
0.413,2,1,0.623,0.982,0.006,1,8,1
0.459,2,1,0.127,0.889,0.187,1,6,0
0.706,3,3,0.589,0.837,0.677,0,5,0
0.386,2,1,0.314,0.597,0.612,1,3,1
0.683,2,1,0.483,0.666,0.044,1,10,0
0.427,3,2,0.588,0.201,0.614,1,6,1
0.981,2,2,0.807,0.803,0.187,0,8,1
0.118,1,3,0.16,0.624,0.345,2,6,0
0.475,1,1,0.32,0.397,0.478,0,9,0
0.323,1,2,0.903,0.128,0.473,1,10,1
0.709,1,2,0.528,0.98,0.002,1,4,1
0.748,1,1,0.774,0.615,0.375,0,15,1
0.971,2,2,0.554,0.246,0.538,0,4,0
0.905,3,3,0.25,0.11,0.528,0,3,0
0.116,3,1,0.33,0.542,0.415,2,15,1
0.209,1,1,0.34,0.193,0.198,0,3,0
0.767,3,2,0.981,0.722,0.034,1,6,1
0.677,3,3,0.59,0.824,0.302,0,5,0
0.8,1,3,0.303,0.097,0.491,2,3,0
0.965,1,2,0.906,0.161,0.669,1,10,0
0.798,1,3,0.724,0.506,0.104,2,8,0
0.878,2,2,0.622,0.777,0.036,0,15,1
0.337,3,1,0.389,0.724,0.419,2,5,1
0.302,3,2,0.417,0.843,0.522,1,8,0
0.911,1,2,0.851,0.759,0.274,1,15,1
0.29,2,1,0.303,0.98,0.437,1,15,0
0.778,2,2,0.039,0.649,0.279,0,9,1
